,Released,Title,Source
0,"Feb 11, 2011",Gnomeo and Juliet,Based on Play
1,"Feb 11, 2011",Justin Bieber: Never Say Never,Based on Real Life Events
2,"Jul 15, 2011",Winnie the Pooh,Based on Fiction Book/Short Story
3,"Jul 23, 2010",Ramona and Beezus,Based on Fiction Book/Short Story
4,"Feb 17, 2012",Kari gurashi no Arietti,Based on Fiction Book/Short Story
5,"Dec 13, 2011",George Balanchine's The Nutcracker,Based on Ballet
6,"Oct 21, 2011",The Mighty Macs,Based on Real Life Events
7,"Aug 29, 2012",The Oogieloves in the BIG Balloon Adv…,Original Screenplay
8,"Oct 4, 2011",La vÃ©ritable histoire du Chat BottÃ©,
9,"Dec 31, 2012",Zambezia,Original Screenplay
10,"Mar 9, 2010",Hachiko: A Dogâs Story,Original Screenplay
11,"Dec 31, 2010",Belka i Strelka. Zvezdnye sobaki,Original Screenplay
12,"Feb 7, 2014",The Lego Movie,Based on Toy
13,"Jun 11, 2010",The Karate Kid,Remake
14,"Dec 25, 2014",Into the Woods,Based on Folk Tale/Legend/Fairytale
15,"Apr 1, 2011",Hop,Based on Folk Tale/Legend/Fairytale
16,"Apr 16, 2014",Heaven is for Real,Based on Factual Book/Article
17,"Aug 9, 2013",Disney Planes,Original Screenplay
18,"Nov 23, 2011",The Muppets,Based on TV
19,"Dec 19, 2014",Annie,Remake
20,"Dec 25, 2012",Parental Guidance,Original Screenplay
21,"Dec 23, 2011",We Bought a Zoo,Based on Factual Book/Article
22,"Sep 23, 2011",Dolphin Tale,Based on Real Life Events
23,"Jun 17, 2011",Mr. Poppers's Penguins,Based on Fiction Book/Short Story
24,"Oct 10, 2014","Alexander and the Terrible, Horrible,…",Based on Fiction Book/Short Story
25,"Jan 17, 2014",The Nut Job,Based on Short Film
26,"Mar 19, 2010",Diary of a Wimpy Kid,Based on Fiction Book/Short Story
27,"Mar 31, 2010",The Last Song,Based on Fiction Book/Short Story
28,"Jan 22, 2010",Tooth Fairy,Original Screenplay
29,"Oct 8, 2010",Secretariat,Based on Real Life Events
30,"Jul 18, 2014",Planes: Fire and Rescue,Original Screenplay
31,"Feb 15, 2013",Escape From Planet Earth,Original Screenplay
32,"Aug 17, 2012",ParaNorman,Original Screenplay
33,"Nov 1, 2013",Free Birds,Original Screenplay
34,"Aug 8, 2014",The Hundred-Foot Journey,Based on Fiction Book/Short Story
35,"May 14, 2010",Letters to Juliet,Based on Factual Book/Article
36,"Mar 25, 2011",Diary of a Wimpy Kid: Rodrick Rules,Based on Fiction Book/Short Story
37,"Aug 15, 2012",The Odd Life of Timothy Green,Original Screenplay
38,"Mar 21, 2014",Muppets Most Wanted,Based on TV
39,"Sep 26, 2014",The Boxtrolls,Based on Fiction Book/Short Story
40,"Oct 17, 2014",The Book of Life,Original Screenplay
41,"Aug 3, 2012",Diary of a Wimpy Kid: Dog Days,Based on Fiction Book/Short Story
42,"Oct 12, 2012",Here Comes the Boom,Original Screenplay
43,"Apr 13, 2012",The Three Stooges,Remake
44,"Apr 8, 2011",Soul Surfer,Based on Factual Book/Article
45,"Sep 12, 2014",Dolphin Tale 2,Original Screenplay
46,"Jul 2, 2014",Earth to Echo,Original Screenplay
47,"Aug 19, 2011",Spy Kids: All the Time in the World,Original Screenplay
48,"May 16, 2014",Million Dollar Arm,Original Screenplay
49,"Oct 5, 2012",Frankenweenie,Based on Short Film
50,"Jun 4, 2010",Marmaduke,Based on Comic/Graphic Novel
51,"Jul 13, 2012",2016: Obamaâs America,Based on Factual Book/Article
52,"Apr 27, 2012",The Pirates! Band of Misfits,Based on Fiction Book/Short Story
53,"Aug 22, 2014",When the Game Stands Tall,Based on Factual Book/Article
54,"Aug 20, 2010",Nanny McPhee and the Big Bang,Based on Fiction Book/Short Story
55,"Aug 30, 2013",One Direction: This is Us,Based on Real Life Events
56,"Jan 8, 2010",Leap Year,Original Screenplay
57,"Sep 24, 2010",You Again,Original Screenplay
58,"Jul 5, 2012",Katy Perry: Part of Me,Based on Real Life Events
59,"Sep 17, 2010",Alpha and Omega 3D,Original Screenplay
60,"Jan 15, 2010",The Spy Next Door,Original Screenplay
61,"Jul 1, 2011",Monte Carlo,Based on Fiction Book/Short Story
62,"May 14, 2010",Just Wright,Original Screenplay
63,"Feb 3, 2012",Big Miracle,Based on Real Life Events
64,"Apr 30, 2010",Furry Vengeance,Original Screenplay
65,"Dec 21, 2012",Cirque du Soleil: Worlds Away,Original Screenplay
66,"Jan 22, 2010",Extraordinary Measures,Based on Real Life Events
67,"Aug 12, 2011",Glee: The 3D Concert Movie,Based on TV
68,"May 9, 2014",Momsâ Night Out,Original Screenplay
69,"Apr 29, 2011",Hoodwinked Too: Hood vs. Evil,Based on Folk Tale/Legend/Fairytale
70,"Apr 29, 2011",Prom,Original Screenplay
71,"Oct 21, 2011",Johnny English Reborn,Original Screenplay
72,"Jul 22, 2011",Elle s'appelait Sarah,Based on Fiction Book/Short Story
73,"Oct 14, 2011",The Big Year,Based on Factual Book/Article
74,"Nov 27, 2013",Black Nativity,Based on Play
75,"Oct 10, 2014",Meet the Mormons,Based on Real Life Events
76,"Oct 26, 2012",Chasing Mavericks,Based on Real Life Events
77,"Sep 28, 2012",Won't Back Down,Original Screenplay
78,"Aug 20, 2010",Mao's Last Dancer,Based on Real Life Events
79,"Apr 9, 2010",Letters to God,Original Screenplay
80,"May 13, 2011",Everything Must Go,Based on Fiction Book/Short Story
81,"Oct 18, 2013",I'm in Love with a Church Girl,Original Screenplay
82,"Dec 25, 2010",L'illusionniste,Original Screenplay
83,"Aug 6, 2010",Flipped,Based on Fiction Book/Short Story
84,"Nov 15, 2013",The Christmas Candle,Based on Fiction Book/Short Story
85,"Apr 16, 2010",The Perfect Game,Based on Real Life Events
86,"Apr 8, 2011",Meek's Cutoff,Original Screenplay
87,"May 14, 2010",Princess Kaiulani,Based on Real Life Events
88,"Mar 1, 2013",The Lost Medallion: The Adventures of…,Original Screenplay
89,"Jul 16, 2010",Standing Ovation,Original Screenplay
90,"Mar 25, 2011",The 5th Quarter,Based on Real Life Events
91,"Jun 25, 2010",Les herbes folles,Based on Fiction Book/Short Story
92,"Dec 31, 2010",Arthur and the War of Two Worlds,Based on Fiction Book/Short Story
93,"Jun 10, 2011",Trolljegeren,Original Screenplay
94,"Sep 10, 2010","Lovely, Still",Original Screenplay
95,"Sep 19, 2014",Pump,Based on Real Life Events
96,"Mar 18, 2011",Alabama Moon,Based on Fiction Book/Short Story
97,"Aug 16, 2013",Underdogs,Original Screenplay
98,"Jul 11, 2014",The Perfect Wave,Original Screenplay
99,"Dec 31, 2011",Red Dog,
100,"Dec 31, 2012",Foodfight!,Original Screenplay
101,"Jan 10, 2014",The Adventurer: The Curse of the Mida…,Original Screenplay
102,"Dec 31, 2011",Tu Xia Chuan Qi,Original Screenplay
103,"Aug 29, 2014",Dwegons and Leprechauns,Original Screenplay
104,"Dec 31, 2010",Konferenz der Tiere,Original Screenplay
105,"Jan 28, 2014",Snezhnaya koroleva,Original Screenplay
106,"Dec 31, 2013",Metegol,Based on Fiction Book/Short Story
107,"Aug 18, 2014",Henry & Me,Original Screenplay
108,"Apr 16, 2013",Un monstre Ã  Paris ,Original Screenplay
109,"Mar 15, 2011",A Shine of Rainbows,
110,"Dec 31, 2010",Sammy's avonturen: De geheime doorgang,Original Screenplay
111,"Dec 25, 2016",Hidden Figures,Based on Factual Book/Article
112,"Jul 13, 2018",Hotel Transylvania 3: Summer Vacation,Original Screenplay
113,"Nov 17, 2017",Wonder,Based on Factual Book/Article
114,"Feb 9, 2018",Peter Rabbit,Based on Fiction Book/Short Story
115,"Jul 28, 2017",The Emoji Movie,Original Screenplay
116,"Mar 16, 2018",I Can Only Imagine,Based on Song
117,"Oct 16, 2015",Goosebumps,Based on Fiction Book/Short Story
118,"Aug 12, 2016",Peteâs Dragon,Remake
119,"Jan 16, 2015",Paddington,Based on Fiction Book/Short Story
120,"Jun 2, 2017",Captain Underpants: The First Epic Movie,Original Screenplay
121,"Apr 17, 2015",Paul Blart: Mall Cop 2,Original Screenplay
122,"Sep 21, 2018",The House with a Clock in its Walls,Based on Fiction Book/Short Story
123,"Aug 28, 2015",War Room,Original Screenplay
124,"Jan 27, 2017",A Dogâs Purpose,Based on Fiction Book/Short Story
125,"Mar 16, 2016",Miracles from Heaven,Based on Factual Book/Article
126,"Aug 19, 2016",Kubo and the Two Strings,Original Screenplay
127,"Oct 12, 2018",Goosebumps 2: Haunted Halloween,Based on Fiction Book/Short Story
128,"Apr 7, 2017",Smurfs: The Lost Village,Based on Comic/Graphic Novel
129,"Feb 20, 2015","McFarland, USA",Based on Real Life Events
130,"Mar 23, 2018",Sherlock Gnomes,Original Screenplay
131,"Jun 26, 2015",Max,Original Screenplay
132,"Nov 17, 2017",The Star,Based on Religious Text
133,"Mar 6, 2015",The Second Best Exotic Marigold Hotel,Original Screenplay
134,"Jul 27, 2018",Teen Titans Go! To The Movies,Based on TV
135,"Aug 11, 2017",The Nut Job 2: Nutty by Nature,Based on Fiction Book/Short Story
136,"Oct 6, 2017",My Little Pony: The Movie,Based on Toy
137,"Aug 25, 2017",Ballerina,Original Screenplay
138,"Apr 1, 2016",Godâs Not Dead 2,Original Screenplay
139,"May 19, 2017",Diary of a Wimpy Kid: The Long Haul,Based on Fiction Book/Short Story
140,"Oct 7, 2016",Middle School: The Worst Years of My …,Based on Fiction Book/Short Story
141,"Aug 5, 2015",Shaun the Sheep,Spin-Off
142,"Jan 15, 2016",Norm of the North,Original Screenplay
143,"Jan 19, 2018",Forever My Girl,Based on Fiction Book/Short Story
144,"Apr 7, 2017",The Case for Christ,Based on Real Life Events
145,"Oct 16, 2015",Woodlawn,Based on Real Life Events
146,"Sep 30, 2015",The Walk,Based on Real Life Events
147,"Feb 24, 2017",Rock Dog,Original Screenplay
148,"Sep 23, 2016",Queen of Katwe,Based on Factual Book/Article
149,"Apr 29, 2016",Ratchet and Clank,Based on Game
150,"Feb 16, 2018",Early Man,Original Screenplay
151,"Sep 9, 2016",Robinson Crusoe,Original Screenplay
152,"Aug 8, 2018",Dog Days,Original Screenplay
153,"Aug 24, 2018",A.X.L.,Based on Short Film
154,"Aug 25, 2017",All Saints,Based on Real Life Events
155,"Dec 28, 2018",Stan & Ollie,Based on Real Life Events
156,"Oct 26, 2018",Johnny English Strikes Again,Original Screenplay
157,"Apr 13, 2018",Sgt. Stubby: An American Hero,Based on Real Life Events
158,"Sep 16, 2016",Hillsong: Let Hope Rise,Based on Musical Group
159,"Jan 20, 2017",The Resurrection of Gavin Stone,Original Screenplay
160,"Nov 13, 2015",My All-American,Based on Factual Book/Article
161,"Oct 23, 2015",Jem and the Holograms,Based on Toy
162,"Aug 26, 2016",Greater,Based on Real Life Events
163,"Jun 2, 2017",Churchill,Based on Real Life Events
164,"Jan 20, 2017",La Tortue Rouge,Original Screenplay
165,"Dec 2, 2016",Believe,Original Screenplay
166,"Aug 7, 2015",Kahlil Gibran's The Prophet,Based on Fiction Book/Short Story
167,"Jul 31, 2015",The Young and Prodigious T.S. Spivet,Original Screenplay
168,"Dec 31, 2015",Lucky Dog,Original Screenplay
169,"Jan 13, 2015",Capricorn One,Original Screenplay
170,"Sep 29, 2015",R.L. Stine's Monsterville: The Cabine…,Based on Fiction Book/Short Story
171,"Oct 30, 2015",Dancin' It's On,Original Screenplay
172,"Sep 29, 2017","Don Gato, el inicio de la pandilla",Original Screenplay
173,"Jul 5, 2016",The Dog Lover,Original Screenplay
174,"Nov 1, 2016",A.C.O.R.N.S.: Operation Crackdown,Original Screenplay
175,"Sep 26, 2017","Mune, le gardien de la lune",Original Screenplay
176,"Dec 22, 2010",True Grit,Based on Fiction Book/Short Story
177,"Nov 26, 2010",The Kingâs Speech,Original Screenplay
178,"Feb 12, 2010",Valentine's Day,Original Screenplay
179,"Apr 9, 2010",Date Night,Original Screenplay
180,"Oct 1, 2010",The Social Network,Based on Real Life Events
181,"Oct 15, 2010",Red,Based on Comic/Graphic Novel
182,"Aug 13, 2010",Eat Pray Love,Based on Factual Book/Article
183,"Feb 5, 2010",Dear John,Based on Fiction Book/Short Story
184,"Mar 19, 2010",The Bounty Hunter,Original Screenplay
185,"Apr 2, 2010",Why Did I Get Married Too?,Based on Play
186,"Sep 17, 2010",Easy A,Based on Fiction Book/Short Story
187,"Aug 27, 2010",Takers,Original Screenplay
188,"Oct 8, 2010",Life as We Know It,Original Screenplay
189,"Aug 6, 2010",Step Up 3D,Original Screenplay
190,"Nov 24, 2010",Burlesque,Original Screenplay
191,"Apr 23, 2010",The Back-up Plan,Original Screenplay
192,"Aug 18, 2010",Vampires Suck,Original Screenplay
193,"Sep 17, 2010",Devil,Original Screenplay
194,"Oct 15, 2010",Hereafter,Original Screenplay
195,"Jul 30, 2010",Charlie St. Cloud,Based on Fiction Book/Short Story
196,"Nov 10, 2010",Morning Glory,Original Screenplay
197,"Aug 20, 2010",The Switch,Original Screenplay
198,"Aug 20, 2010",Lottery Ticket,Original Screenplay
199,"Apr 23, 2010",The Losers,Based on Comic/Graphic Novel
200,"Nov 12, 2010",Skyline,Original Screenplay
201,"Nov 19, 2010",The Next Three Days,Remake
202,"Mar 12, 2010",Our Family Wedding,Original Screenplay
203,"Dec 22, 2010",Country Strong,Original Screenplay
204,"Mar 12, 2010",Remember Me,Original Screenplay
205,"Feb 19, 2010",The Ghost Writer,Based on Fiction Book/Short Story
206,"Jun 18, 2010",Jonah Hex,Based on Comic/Graphic Novel
207,"Jul 30, 2010",Get Low,
208,"Mar 19, 2010",City Island,Original Screenplay
209,"Oct 8, 2010",It's Kind of a Funny Story,Based on Fiction Book/Short Story
210,"Oct 8, 2010",Inside Job,Based on Real Life Events
211,"Feb 12, 2010",My Name is Khan,Original Screenplay
212,"Dec 29, 2010",Another Year,Original Screenplay
213,"Dec 17, 2010",Rabbit Hole,Based on Play
214,"Jun 4, 2010",Ondine,Original Screenplay
215,"Apr 16, 2010",The City of Your Final Destination,Based on Fiction Book/Short Story
216,"Feb 26, 2010",The Yellow Handkerchief,Remake
217,"Dec 10, 2010",The Tempest,Based on Play
218,"Sep 10, 2010",Bran Nue Dae,Based on Musical or Opera
219,"Feb 19, 2010",Blood Done Sign My Name,Based on Real Life Events
220,"Oct 29, 2010",Wild Target,Remake
221,"Oct 1, 2010",Freakonomics,Based on Factual Book/Article
222,"Oct 8, 2010",It's a Wonderful Afterlife,Original Screenplay
223,"Aug 10, 2011",The Help,Based on Fiction Book/Short Story
224,"Jun 10, 2011",Super 8,Original Screenplay
225,"Jul 29, 2011","Crazy, Stupid, Love",Original Screenplay
226,"Mar 18, 2011",Limitless,Based on Fiction Book/Short Story
227,"Sep 9, 2011",Contagion,Original Screenplay
228,"Sep 23, 2011",Moneyball,Based on Factual Book/Article
229,"Feb 18, 2011",Unknown,Original Screenplay
230,"Mar 4, 2011",The Adjustment Bureau,Based on Fiction Book/Short Story
231,"Apr 22, 2011",Water for Elephants,Based on Fiction Book/Short Story
232,"May 20, 2011",Midnight in Paris,Original Screenplay
233,"Feb 18, 2011",I am Number Four,Based on Fiction Book/Short Story
234,"Apr 1, 2011",Source Code,Original Screenplay
235,"Dec 9, 2011",New Yearâs Eve,Original Screenplay
236,"Apr 22, 2011",Madeaâs Big Happy Family,Based on Play
237,"Oct 14, 2011",Footloose,Remake
238,"Nov 25, 2011",The Artist,Original Screenplay
239,"Apr 8, 2011",Hanna,Original Screenplay
240,"May 6, 2011",Something Borrowed,Based on Fiction Book/Short Story
241,"Feb 18, 2011","Big Mommas: Like Father, Like Son",Original Screenplay
242,"Mar 11, 2011",Red Riding Hood,Based on Folk Tale/Legend/Fairytale
243,"Oct 28, 2011",In Time,Original Screenplay
244,"Feb 4, 2011",The Roommate,Original Screenplay
245,"May 6, 2011",Jumping the Broom,Original Screenplay
246,"Aug 26, 2011",Colombiana,Original Screenplay
247,"Jul 1, 2011",Larry Crowne,Original Screenplay
248,"Sep 30, 2011",Courageous,Original Screenplay
249,"Jan 28, 2011",The Rite,Based on Factual Book/Article
250,"Apr 8, 2011",Arthur,Remake
251,"Dec 25, 2011",Extremely Loud and Incredibly Close,Based on Fiction Book/Short Story
252,"May 13, 2011",Priest,Based on Comic/Graphic Novel
253,"Sep 23, 2011",Abduction,Original Screenplay
254,"Mar 4, 2011",Beastly,Based on Fiction Book/Short Story
255,"Jan 7, 2011",Season of the Witch,Original Screenplay
256,"Dec 25, 2011",The Darkest Hour,Original Screenplay
257,"Sep 30, 2011",Dream House,Original Screenplay
258,"Feb 11, 2011",The Eagle,Based on Fiction Book/Short Story
259,"Sep 2, 2011",Shark Night 3D,Original Screenplay
260,"Sep 2, 2011",Apollo 18,Original Screenplay
261,"Aug 19, 2011",One Day,Based on Fiction Book/Short Story
262,"Sep 9, 2011",Warrior,Original Screenplay
263,"May 27, 2011",The Tree of Life,Original Screenplay
264,"Apr 15, 2011",The Conspirator,Based on Real Life Events
265,"Sep 16, 2011",I Don't Know How She Does It,Based on Fiction Book/Short Story
266,"Jul 22, 2011",Elle s'appelait Sarah,Based on Fiction Book/Short Story
267,"Oct 28, 2011",Anonymous,Original Screenplay
268,"Feb 25, 2011",Des Hommes et Des Dieux,Based on Real Life Events
269,"Jun 24, 2011",A Better Life,Original Screenplay
270,"Jun 17, 2011",The Art of Getting By,Original Screenplay
271,"Sep 2, 2011",Salvando al Soldado Perez,Original Screenplay
272,"Jul 15, 2011",Snow Flower and the Secret Fan,Based on Fiction Book/Short Story
273,"Apr 29, 2011",Dylan Dog: Dead of Night,Based on Comic/Graphic Novel
274,"May 6, 2011",There Be Dragons,Based on Real Life Events
275,"May 6, 2011",The Beaver,Original Screenplay
276,"Apr 1, 2011",Super,Original Screenplay
277,"May 13, 2011",Go For It!,Original Screenplay
278,"Apr 1, 2011",The Last Godfather,Original Screenplay
279,"Sep 16, 2011",Restless,Based on Play
280,"Aug 26, 2011",Redemption Road,Original Screenplay
281,"Aug 19, 2011",Griff the Invisible,Original Screenplay
282,"Jun 21, 2011",You Got Served: Beat The World,Original Screenplay
283,"Dec 31, 2011",The Kick,Original Screenplay
284,"Nov 9, 2012",Lincoln,Based on Factual Book/Article
285,"Dec 25, 2012",Les MisÃ©rables,Based on Fiction Book/Short Story
286,"Oct 5, 2012",Taken 2,Original Screenplay
287,"Feb 10, 2012",The Vow,Based on Real Life Events
288,"Apr 20, 2012",Think Like a Man,Based on Factual Book/Article
289,"Dec 21, 2012",Jack Reacher,Based on Fiction Book/Short Story
290,"Jun 29, 2012",Tyler Perry's Madea's Witness Protection,Original Screenplay
291,"Sep 28, 2012",Pitch Perfect,Based on Factual Book/Article
292,"Feb 3, 2012",Chronicle,Original Screenplay
293,"Aug 8, 2012",Hope Springs,Original Screenplay
294,"Apr 20, 2012",The Lucky One,Based on Fiction Book/Short Story
295,"Feb 17, 2012",This Means War,Original Screenplay
296,"Feb 3, 2012",The Woman in Black,Based on Fiction Book/Short Story
297,"Feb 17, 2012",Ghost Rider: Spirit of Vengeance,Original Screenplay
298,"Jan 20, 2012",Red Tails,Based on Real Life Events
299,"Aug 31, 2012",The Possession,Original Screenplay
300,"May 4, 2012",The Best Exotic Marigold Hotel,Based on Fiction Book/Short Story
301,"May 25, 2012",Moonrise Kingdom,Original Screenplay
302,"Nov 21, 2012",Red Dawn,Remake
303,"May 18, 2012",What to Expect When You're Expecting,Based on Factual Book/Article
304,"Dec 19, 2012",The Guilt Trip,Original Screenplay
305,"Sep 21, 2012",Trouble with the Curve,Original Screenplay
306,"Jul 27, 2012",Step Up Revolution,Original Screenplay
307,"Feb 24, 2012",Tyler Perry's Good Deeds,Original Screenplay
308,"Sep 21, 2012",House at the End of the Street,Based on Fiction Book/Short Story
309,"Jan 13, 2012",Joyful Noise,Original Screenplay
310,"Jan 13, 2012",The Iron Lady,Based on Real Life Events
311,"Jan 27, 2012",One for the Money,Based on Fiction Book/Short Story
312,"Oct 19, 2012",Alex Cross,Based on Fiction Book/Short Story
313,"Aug 17, 2012",Sparkle,Remake
314,"Aug 24, 2012",Premium Rush,Original Screenplay
315,"Dec 21, 2012",The Impossible,Based on Real Life Events
316,"Jan 27, 2012",Man on a Ledge,Original Screenplay
317,"Mar 9, 2012",A Thousand Words,Original Screenplay
318,"Sep 21, 2012",The Perks of Being a Wallflower,Based on Fiction Book/Short Story
319,"Apr 13, 2012",Lockout,Original Screenplay
320,"Dec 7, 2012",Playing for Keeps,Original Screenplay
321,"Jun 29, 2012",People Like Us,Original Screenplay
322,"Feb 24, 2012",Gone,Original Screenplay
323,"Sep 7, 2012",The Words,Based on Fiction Book/Short Story
324,"Oct 26, 2012",Fun Size ,Original Screenplay
325,"Apr 27, 2012",Bernie,Original Screenplay
326,"Dec 19, 2012",Amour,Original Screenplay
327,"Aug 24, 2012",The Apparition,Original Screenplay
328,"Sep 7, 2012",The Cold Light of Day,Original Screenplay
329,"Oct 12, 2012",Atlas Shrugged: Part II,Based on Fiction Book/Short Story
330,"Aug 17, 2012",Robot & Frank,Original Screenplay
331,"Aug 24, 2012",Samsara,Based on Real Life Events
332,"Apr 6, 2012",Damsels in Distress,Original Screenplay
333,"Apr 20, 2012",Darling Companion,Original Screenplay
334,"Oct 19, 2012",The First Time ,Original Screenplay
335,"Oct 5, 2012",Trade of Innocents,Original Screenplay
336,"May 4, 2012",A Little Bit of Heaven,Original Screenplay
337,"Nov 2, 2012",Vamps,Original Screenplay
338,"May 4, 2012",LOL,Remake
339,"Mar 30, 2012",The Legend of Hellâs Gate: An Ameri…,Original Screenplay
340,"Dec 18, 2013",Anchorman 2: The Legend Continues,Original Screenplay
341,"Aug 16, 2013",Lee Daniels' The Butler,Based on Real Life Events
342,"Oct 11, 2013",Captain Phillips,Based on Real Life Events
343,"Apr 12, 2013",42,Based on Real Life Events
344,"Sep 13, 2013",Insidious Chapter 2,Original Screenplay
345,"Dec 13, 2013",Saving Mr. Banks,Based on Real Life Events
346,"Jan 18, 2013",Mama,Based on Short Film
347,"Feb 14, 2013",Safe Haven,Based on Fiction Book/Short Story
348,"Feb 1, 2013",Warm Bodies,Based on Fiction Book/Short Story
349,"Jan 28, 2013",Last Vegas,Original Screenplay
350,"Dec 13, 2013",Tyler Perry's A Madea Christmas,Based on Play
351,"Mar 29, 2013",Tyler Perryâs Temptation,Based on Play
352,"Jun 7, 2013",The Internship,Original Screenplay
353,"Aug 30, 2013",No se Aceptan Devoluciones,Original Screenplay
354,"Feb 22, 2013",Snitch,Original Screenplay
355,"Nov 22, 2013",Philomena,Based on Factual Book/Article
356,"Jul 26, 2013",Blue Jasmine,Original Screenplay
357,"Apr 12, 2013",Scary Movie V,Original Screenplay
358,"Aug 21, 2013",The Mortal Instruments: City of Bones,Based on Fiction Book/Short Story
359,"Nov 22, 2013",Delivery Man,Remake
360,"Dec 25, 2013",Grudge Match,Original Screenplay
361,"Mar 29, 2013",The Host,Based on Fiction Book/Short Story
362,"Mar 15, 2013",The Incredible Burt Wonderstone,Original Screenplay
363,"Apr 26, 2013",Mud,Original Screenplay
364,"Sep 27, 2013",Baggage Claim,Based on Fiction Book/Short Story
365,"Jul 5, 2013",The Way Way Back,Original Screenplay
366,"Nov 8, 2013",The Book Thief,Based on Fiction Book/Short Story
367,"Feb 14, 2013",Beautiful Creatures,Based on Fiction Book/Short Story
368,"Jan 11, 2013",Quartet,Based on Play
369,"Mar 22, 2013",Admission,Original Screenplay
370,"Sep 18, 2013",Enough Said,Original Screenplay
371,"Feb 22, 2013",Dark Skies,Original Screenplay
372,"Aug 16, 2013",Jobs,Based on Real Life Events
373,"Mar 1, 2013",The Last Exorcism Part II,Original Screenplay
374,"Aug 30, 2013",Getaway,Original Screenplay
375,"May 10, 2013",Peeples,Original Screenplay
376,"Sep 20, 2013",Battle of the Year,Based on Movie
377,"Nov 29, 2013",Mandela: Long Walk to Freedom,Based on Real Life Events
378,"Aug 16, 2013",Paranoia,Original Screenplay
379,"Aug 23, 2013",Yi dai zong shi,Based on Real Life Events
380,"Oct 18, 2013",All is Lost,Original Screenplay
381,"Mar 22, 2013",The Sapphires,Original Screenplay
382,"May 31, 2013",The East,Original Screenplay
383,"Dec 20, 2013",Le passÃ©,Original Screenplay
384,"Oct 4, 2013",Parkland,Original Screenplay
385,"Mar 15, 2013",Upside Down,Original Screenplay
386,"Jan 29, 2013","Batman: The Dark Knight Returns, Part 2",Based on Comic/Graphic Novel
387,"Jan 17, 2014",Ride Along,Original Screenplay
388,"Jun 6, 2014",The Fault in Our Stars,Based on Fiction Book/Short Story
389,"Dec 25, 2014",Unbroken,Based on Factual Book/Article
390,"Sep 19, 2014",The Maze Runner,Based on Fiction Book/Short Story
391,"Feb 28, 2014",Non-Stop,Original Screenplay
392,"Nov 28, 2014",The Imitation Game,Based on Factual Book/Article
393,"Nov 14, 2014",Dumb and Dumber To,Original Screenplay
394,"Apr 25, 2014",The Other Woman,Original Screenplay
395,"Jun 20, 2014",Think Like a Man Too,Based on Factual Book/Article
396,"Feb 28, 2014",Son of God,Based on Religious Text
397,"Sep 12, 2014",No Good Deed,Original Screenplay
398,"Oct 24, 2014",Ouija,Based on Game
399,"Jan 17, 2014",Jack Ryan: Shadow Recruit,Original Screenplay
400,"Aug 22, 2014",If I Stay,Based on Fiction Book/Short Story
401,"Aug 8, 2014",Into the Storm,Original Screenplay
402,"May 23, 2014",Blended,Original Screenplay
403,"Aug 15, 2014",The Giver,Based on Fiction Book/Short Story
404,"Oct 10, 2014",St. Vincent,Original Screenplay
405,"Nov 7, 2014",The Theory of Everything,Based on Factual Book/Article
406,"Feb 21, 2014",3 Days to Kill,Original Screenplay
407,"Aug 1, 2014",Get on Up,Based on Real Life Events
408,"Apr 11, 2014",Draft Day,Original Screenplay
409,"Oct 17, 2014",The Best of Me,Based on Fiction Book/Short Story
410,"Feb 14, 2014",Endless Love,Based on Fiction Book/Short Story
411,"Apr 25, 2014",Brick Mansions,Original Screenplay
412,"Jan 24, 2014","I, Frankenstein",Based on Comic/Graphic Novel
413,"Jul 25, 2014",And So It Goes,Original Screenplay
414,"Nov 14, 2014",Beyond the Lights,Original Screenplay
415,"Dec 25, 2014",Big Eyes,Based on Real Life Events
416,"Oct 3, 2014",Left Behind,Based on Fiction Book/Short Story
417,"Jan 31, 2014",Labor Day,Based on Fiction Book/Short Story
418,"Feb 14, 2014",Winterâs Tale,Based on Fiction Book/Short Story
419,"Sep 10, 2014",My Old Lady,Original Screenplay
420,"May 2, 2014",Ida,Original Screenplay
421,"Mar 14, 2014",Veronica Mars,Based on TV
422,"Mar 21, 2014",50 to 1,Based on Real Life Events
423,"Sep 12, 2014",Atlas Shrugged: Who Is John Galt?,Based on Fiction Book/Short Story
424,"Jun 13, 2014",The Signal,Original Screenplay
425,"Mar 7, 2014",The Face of Love,Original Screenplay
426,"Nov 7, 2014",Elsa & Fred,Original Screenplay
427,"Sep 5, 2014",Frontera,Original Screenplay
428,"Nov 7, 2014",Jessabelle,Original Screenplay
429,"May 15, 2015",Pitch Perfect 2,Based on Factual Book/Article
430,"Dec 25, 2015",Daddyâs Home,Original Screenplay
431,"Nov 25, 2015",Creed,Original Screenplay
432,"Jan 9, 2015",Taken 3,Original Screenplay
433,"Sep 18, 2015",Maze Runner: The Scorch Trials,Based on Fiction Book/Short Story
434,"Sep 25, 2015",The Intern,Original Screenplay
435,"Oct 16, 2015",Bridge of Spies,Original Screenplay
436,"Sep 11, 2015",The Visit,Original Screenplay
437,"Sep 11, 2015",The Perfect Guy,Original Screenplay
438,"Dec 25, 2015",Joy,Based on Real Life Events
439,"Feb 27, 2015",Focus,Original Screenplay
440,"Jun 5, 2015",Insidious Chapter 3,Original Screenplay
441,"Jan 9, 2015",Selma,Based on Real Life Events
442,"May 22, 2015",Poltergeist,Remake
443,"Sep 18, 2015",Everest,Based on Real Life Events
444,"Dec 4, 2015",Krampus,Original Screenplay
445,"Apr 24, 2015",The Age of Adaline,Original Screenplay
446,"Nov 4, 2015",Brooklyn,Based on Fiction Book/Short Story
447,"Apr 10, 2015",The Longest Ride,Based on Fiction Book/Short Story
448,"May 8, 2015",Hot Pursuit,Original Screenplay
449,"Dec 25, 2015",Concussion,Based on Factual Book/Article
450,"Feb 20, 2015",The DUFF,Based on Fiction Book/Short Story
451,"Apr 1, 2015",Woman in Gold,Original Screenplay
452,"Jul 24, 2015",Paper Towns,Based on Fiction Book/Short Story
453,"Aug 7, 2015",Ricki and the Flash,Original Screenplay
454,"Nov 13, 2015",Love the Coopers,Original Screenplay
455,"Feb 27, 2015",The Lazarus Effect,Original Screenplay
456,"Jan 30, 2015",Project Almanac,Original Screenplay
457,"Jan 30, 2015",Black or White,Based on Real Life Events
458,"May 29, 2015",Aloha,Original Screenplay
459,"Nov 20, 2015",Secret in Their Eyes,Remake
460,"Jan 16, 2015",Still Alice,Original Screenplay
461,"Sep 4, 2015",The Transporter Refueled,Original Screenplay
462,"Mar 20, 2015",Do You Believe?,Original Screenplay
463,"Jul 10, 2015",Self/Less,Original Screenplay
464,"May 1, 2015",Far from the Madding Crowd,Based on Fiction Book/Short Story
465,"Nov 13, 2015",The 33,Based on Factual Book/Article
466,"Jan 23, 2015",Mortdecai,Based on Fiction Book/Short Story
467,"Jun 12, 2015",Me and Earl and the Dying Girl,Based on Fiction Book/Short Story
468,"Apr 24, 2015",Little Boy,Original Screenplay
469,"Nov 25, 2015",Victor Frankenstein,Based on Fiction Book/Short Story
470,"Sep 11, 2015",90 Minutes in Heaven,Based on Factual Book/Article
471,"Oct 23, 2015",Suffragette,Original Screenplay
472,"Sep 18, 2015",Captive,Based on Factual Book/Article
473,"Jun 5, 2015",Testament of Youth,Based on Factual Book/Article
474,"Jul 24, 2015",The Vatican Tapes,Original Screenplay
475,"Oct 2, 2015",Freeheld,Based on Short Film
476,"May 8, 2015",Maggie,Original Screenplay
477,"Apr 10, 2015",Desert Dancer,Based on Real Life Events
478,"Jan 30, 2015","Guten Tag, Ramon",Original Screenplay
479,"Feb 13, 2015",The Last Five Years,Based on Musical or Opera
480,"Jun 19, 2015",Manglehorn,Original Screenplay
481,"Sep 4, 2015",Before We Go,Original Screenplay
482,"Jan 23, 2015",Song One,Original Screenplay
483,"May 29, 2015",Survivor,Original Screenplay
484,"Nov 3, 2015",The Final Girls,Original Screenplay
485,"Mar 3, 2015",To Write Love On Her Arms,Based on Real Life Events
486,"Mar 17, 2015",Accidental Love,Original Screenplay
487,"May 5, 2015",Miss Julie,Based on Play
488,"Dec 31, 2015",Aztec Warrior,Original Screenplay
489,"Mar 10, 2015",Red Sky,Based on Fiction Book/Short Story
490,"Mar 13, 2015",The Lovers,Original Screenplay
491,"Jun 30, 2015",Robot Overlords,Original Screenplay
492,"Oct 13, 2015",8 Days,Original Screenplay
493,"Dec 9, 2016",La La Land,Original Screenplay
494,"Jun 17, 2016",Central Intelligence,Original Screenplay
495,"Sep 9, 2016",Sully,Based on Factual Book/Article
496,"Nov 11, 2016",Arrival,Based on Fiction Book/Short Story
497,"Jan 15, 2016",Ride Along 2,Original Screenplay
498,"Oct 21, 2016",Tyler Perryâs Boo! A Madea Halloween,Based on Play
499,"Mar 11, 2016",10 Cloverfield Lane,Original Screenplay
500,"Jul 22, 2016",Lights Out,Based on Short Film
501,"Mar 25, 2016",My Big Fat Greek Wedding 2,Original Screenplay
502,"Oct 21, 2016",Jack Reacher: Never Go Back,Based on Fiction Book/Short Story
503,"Dec 16, 2016",Fences,Based on Play
504,"Jun 3, 2016",Me Before You,Based on Fiction Book/Short Story
505,"Jun 24, 2016",The Shallows,Original Screenplay
506,"Apr 15, 2016",Barbershop: The Next Cut,Original Screenplay
507,"Nov 25, 2016",Lion,Based on Factual Book/Article
508,"Nov 11, 2016",Almost Christmas,Original Screenplay
509,"Jul 27, 2016",Nerve,Based on Fiction Book/Short Story
510,"Feb 19, 2016",Risen,Based on Religious Text
511,"Jan 22, 2016",The Boy,Original Screenplay
512,"Oct 21, 2016",Ouija: Origin of Evil,Based on Game
513,"Jan 22, 2016",The 5th Wave,Based on Fiction Book/Short Story
514,"Apr 29, 2016",Motherâs Day,Original Screenplay
515,"Dec 16, 2016",Collateral Beauty,Original Screenplay
516,"Feb 5, 2016","Hail, Caesar!",Original Screenplay
517,"Sep 9, 2016",When the Bough Breaks,Original Screenplay
518,"Feb 12, 2016",Zoolander 2,Original Screenplay
519,"Aug 12, 2016",Florence Foster Jenkins,Based on Real Life Events
520,"Jan 8, 2016",The Forest,Original Screenplay
521,"Feb 19, 2016",Race,Based on Real Life Events
522,"Sep 30, 2016",Masterminds,Based on Real Life Events
523,"Feb 26, 2016",Eddie the Eagle,Based on Real Life Events
524,"Oct 21, 2016",Keeping Up with the Joneses,Original Screenplay
525,"Jul 15, 2016",Hillaryâs America: The Secret Histo…,Based on Real Life Events
526,"Sep 2, 2016",The Light Between Oceans,Based on Fiction Book/Short Story
527,"Jul 15, 2016",CafÃ© Society,Original Screenplay
528,"Feb 5, 2016",Pride and Prejudice and Zombies,Based on Fiction Book/Short Story
529,"May 13, 2016",The Darkness,Original Screenplay
530,"Jan 15, 2016",The Lady in the Van,Based on Play
531,"Nov 4, 2016",Loving,Based on Real Life Events
532,"Nov 11, 2016",Shut In,Original Screenplay
533,"Mar 11, 2016",The Young Messiah,Based on Comic/Graphic Novel
534,"Jun 24, 2016",Hunt for the Wilderpeople,Based on Fiction Book/Short Story
535,"Dec 2, 2016",Incarnate,Original Screenplay
536,"Apr 22, 2016",The Meddler,Original Screenplay
537,"Sep 30, 2016",Denial,Based on Factual Book/Article
538,"Apr 29, 2016",The Man Who Knew Infinity,Based on Factual Book/Article
539,"Oct 14, 2016",Max Steel,Based on Toy
540,"Mar 18, 2016",Midnight Special,Original Screenplay
541,"Nov 23, 2016",Rules Donât Apply,Based on Fiction Book/Short Story
542,"Jan 22, 2016",Yip Man 3,Based on Real Life Events
543,"Jun 10, 2016",Genius,Based on Factual Book/Article
544,"Sep 16, 2016",Mr. Church,Original Screenplay
545,"Dec 9, 2016",The Bounce Back,Original Screenplay
546,"Jan 8, 2016",The Masked Saint,Based on Fiction Book/Short Story
547,"Sep 2, 2016",Yoga Hosers,Original Screenplay
548,"Mar 8, 2016",Out of the Inferno,Original Screenplay
549,"Jan 20, 2017",Split,Original Screenplay
550,"Dec 22, 2017",Pitch Perfect 3,Based on Factual Book/Article
551,"Nov 10, 2017",Murder on the Orient Express,Remake
552,"Dec 22, 2017",The Post,Based on Real Life Events
553,"Mar 3, 2017",The Shack,Based on Fiction Book/Short Story
554,"Nov 22, 2017",Darkest Hour,Based on Fiction Book/Short Story
555,"Oct 13, 2017",Happy Death Day,Original Screenplay
556,"Aug 4, 2017",The Dark Tower,Based on Fiction Book/Short Story
557,"Oct 20, 2017",Tyler Perryâs Boo 2! A Madea Halloween,Original Screenplay
558,"Apr 7, 2017",Going in Style,Remake
559,"Jun 16, 2017",47 Meters Down,Original Screenplay
560,"May 19, 2017","Everything, Everything",Based on Fiction Book/Short Story
561,"Apr 28, 2017",How to Be a Latin Lover,Original Screenplay
562,"Feb 3, 2017",Rings,Original Screenplay
563,"Aug 18, 2017",Logan Lucky,Original Screenplay
564,"Sep 8, 2017",Home Again,Original Screenplay
565,"Apr 7, 2017",Gifted,Original Screenplay
566,"Jan 13, 2017",The Bye Bye Man,Based on Fiction Book/Short Story
567,"Sep 22, 2017",Victoria and Abdul,Based on Factual Book/Article
568,"Apr 28, 2017",The Circle,Based on Fiction Book/Short Story
569,"Oct 20, 2017",Only the Brave,Based on Real Life Events
570,"Mar 31, 2017",The Zookeeperâs Wife,Based on Factual Book/Article
571,"Sep 29, 2017",Flatliners,Original Screenplay
572,"Jul 14, 2017",Wish Upon,Original Screenplay
573,"Jan 20, 2017",The Founder,Based on Real Life Events
574,"Sep 22, 2017",Battle of the Sexes,Based on Real Life Events
575,"Mar 3, 2017",Before I Fall,Based on Fiction Book/Short Story
576,"Nov 17, 2017","Roman J. Israel, Esq.",Original Screenplay
577,"Oct 13, 2017",Marshall,Based on Real Life Events
578,"Apr 14, 2017",The Lost City of Z,Based on Factual Book/Article
579,"Feb 3, 2017",The Space Between Us,Original Screenplay
580,"Oct 27, 2017",Let There Be Light,Based on Fiction Book/Short Story
581,"Aug 25, 2017",Birth of the Dragon,Based on Real Life Events
582,"Sep 22, 2017",Loving Vincent,Based on Real Life Events
583,"Oct 20, 2017",Same Kind of Different as Me,Based on Factual Book/Article
584,"Dec 8, 2017",Just Getting Started,Original Screenplay
585,"Jan 6, 2017",A Monster Calls,Based on Fiction Book/Short Story
586,"Mar 3, 2017",Table 19,Original Screenplay
587,"Apr 21, 2017",Phoenix Forgotten,Original Screenplay
588,"Feb 24, 2017",Collide,Original Screenplay
589,"Feb 24, 2017",Ma vie de Courgette,Based on Fiction Book/Short Story
590,"Feb 3, 2017",Growing up Smith,Original Screenplay
591,"Oct 6, 2017",Overdrive,Original Screenplay
592,"Dec 1, 2017",Daisy Winters,Original Screenplay
593,"Apr 14, 2017",Queen of the Desert,Based on Real Life Events
594,"Aug 11, 2017",Kono sekai no katasumi ni,Based on Comic/Graphic Novel
595,"Nov 2, 2018",Bohemian Rhapsody,Based on Real Life Events
596,"Apr 6, 2018",A Quiet Place,Original Screenplay
597,"Aug 15, 2018",Crazy Rich Asians,Based on Fiction Book/Short Story
598,"Nov 21, 2018",Creed II,Original Screenplay
599,"Nov 16, 2018",Green Book,Based on Real Life Events
600,"Sep 28, 2018",Night School,Original Screenplay
601,"May 18, 2018",Book Club,Original Screenplay
602,"Jan 5, 2018",Insidious: The Last Key,Original Screenplay
603,"Nov 16, 2018",Instant Family,Original Screenplay
604,"Jan 26, 2018",Maze Runner: The Death Cure,Based on Fiction Book/Short Story
605,"May 11, 2018",Life of the Party,Original Screenplay
606,"May 4, 2018",Overboard,Remake
607,"Apr 20, 2018",I Feel Pretty,Original Screenplay
608,"May 11, 2018",Breaking In,Original Screenplay
609,"Oct 12, 2018",First Man,Based on Factual Book/Article
610,"Jun 29, 2018",Uncle Drew,Based on TV
611,"Apr 13, 2018",Truth or Dare,Original Screenplay
612,"Mar 16, 2018","Love, Simon",Based on Fiction Book/Short Story
613,"Dec 21, 2018",Second Act,Original Screenplay
614,"Jan 12, 2018",The Commuter,Original Screenplay
615,"Feb 9, 2018",The 15:17 to Paris,Based on Factual Book/Article
616,"Aug 17, 2018",Alpha,Original Screenplay
617,"Jun 1, 2018",Adrift,Based on Real Life Events
618,"Dec 25, 2018",Holmes & Watson,Based on Fiction Book/Short Story
619,"Aug 10, 2018",Slender Man,Based on Folk Tale/Legend/Fairytale
620,"Oct 5, 2018",The Hate U Give,Based on Fiction Book/Short Story
621,"Feb 2, 2018",Winchester,Based on Real Life Events
622,"Dec 25, 2018",On the Basis of Sex,Based on Real Life Events
623,"Aug 29, 2018",Operation Finale,Based on Real Life Events
624,"Mar 23, 2018","Paul, Apostle of Christ",Based on Religious Text
625,"Aug 3, 2018",The Darkest Minds,Based on Fiction Book/Short Story
626,"Sep 28, 2018",The Old Man and the Gun,Based on Factual Book/Article
627,"Dec 21, 2018",Welcome to Marwen,Based on Movie
628,"Mar 23, 2018",Midnight Sun,Remake
629,"Sep 14, 2018",Unbroken: Path to Redemption,Based on Real Life Events
630,"Mar 9, 2018",The Hurricane Heist,Original Screenplay
631,"Feb 23, 2018",Every Day,Based on Fiction Book/Short Story
632,"Aug 31, 2018",Kin,Based on Fiction Book/Short Story
633,"Oct 26, 2018",Indivisible,Based on Real Life Events
634,"Jun 8, 2018",Hearts Beat Loud,Original Screenplay
635,"Feb 2, 2018",Bilal: A New Breed of Hero,Based on Real Life Events
636,"Aug 17, 2018",Down a Dark Hall,Based on Fiction Book/Short Story
637,"Jan 19, 2018",Step Sisters,Original Screenplay
638,"Dec 7, 2018",Dumplinâ,Based on Fiction Book/Short Story
639,"Nov 26, 2010",The Kingâs Speech,Original Screenplay
640,"Oct 15, 2010",Jackass 3D,Based on TV
641,"Dec 3, 2010",Black Swan,Original Screenplay
642,"Dec 10, 2010",The Fighter,Based on Real Life Events
643,"Oct 20, 2010",Paranormal Activity 2,Original Screenplay
644,"Apr 16, 2010",Kick-Ass,Based on Comic/Graphic Novel
645,"Oct 29, 2010",Saw 3D,Original Screenplay
646,"Apr 16, 2010",Death at a Funeral,Remake
647,"Jan 22, 2010",Legion,Original Screenplay
648,"Feb 26, 2010",The Crazies,Remake
649,"Nov 5, 2010",For Colored Girls,Based on Play
650,"Sep 1, 2010",The American,Original Screenplay
651,"Nov 24, 2010",Love and Other Drugs,Based on Factual Book/Article
652,"Mar 12, 2010",She's Out of My League,Original Screenplay
653,"Jan 8, 2010",Daybreakers,Original Screenplay
654,"Mar 5, 2010",Brooklyn's Finest,Remake
655,"Sep 3, 2010",Machete,Original Screenplay
656,"Aug 20, 2010",Piranha 3D,Remake
657,"Nov 24, 2010",Faster,Original Screenplay
658,"Jul 9, 2010",The Kids Are All Right,Original Screenplay
659,"Nov 5, 2010",127 Hours,Based on Real Life Events
660,"Jun 4, 2010",Splice,Original Screenplay
661,"Jan 8, 2010",Youth in Revolt,Based on Fiction Book/Short Story
662,"Oct 8, 2010",My Soul to Take,Original Screenplay
663,"Oct 1, 2010",Case 39,Original Screenplay
664,"Oct 1, 2010",Let Me In,Remake
665,"May 21, 2010",MacGruber,Based on TV
666,"Jun 18, 2010",Cyrus,Original Screenplay
667,"Sep 17, 2010",Incendies,Based on Play
668,"Oct 15, 2010",Conviction,Based on Real Life Events
669,"Jan 15, 2010",The Last Station,Based on Fiction Book/Short Story
670,"Jun 11, 2010",Winter's Bone,Based on Fiction Book/Short Story
671,"Apr 16, 2010",El secreto de sus ojos,Based on Fiction Book/Short Story
672,"Jun 18, 2010",Io sono lâamore,Original Screenplay
673,"May 21, 2010",Solitary Man,Original Screenplay
674,"Apr 30, 2010",Please Give,Original Screenplay
675,"Mar 19, 2010",The Runaways,Based on Real Life Events
676,"Sep 22, 2010",You Will Meet a Tall Dark Stranger,Original Screenplay
677,"Mar 26, 2010",Chloe,Remake
678,"Sep 15, 2010",Never Let Me Go,Based on Fiction Book/Short Story
679,"Feb 26, 2010",Un ProphÃ¨te,Original Screenplay
680,"Dec 17, 2010",Casino Jack,Based on Real Life Events
681,"Dec 3, 2010","I Love You, Phillip Morris",Based on Real Life Events
682,"Apr 30, 2010",Harry Brown,
683,"Oct 8, 2010",Stone,Original Screenplay
684,"Dec 22, 2010",Somewhere,Original Screenplay
685,"Apr 16, 2010",The Joneses,
686,"May 7, 2010",Mother and Child,Original Screenplay
687,"Nov 19, 2010",Made in Dagenham,Based on Real Life Events
688,"Aug 13, 2010",Animal Kingdom,Original Screenplay
689,"Aug 6, 2010",Middle Men,Original Screenplay
690,"Sep 24, 2010",The Virginity Hit,Original Screenplay
691,"Dec 3, 2010",All Good Things,Original Screenplay
692,"Jul 30, 2010",The Extra Man,Based on Fiction Book/Short Story
693,"Nov 5, 2010",Four Lions,Original Screenplay
694,"Jul 23, 2010",Life During Wartime,
695,"Jun 18, 2010",The Killer Inside Me,
696,"Oct 1, 2010",Chain Letter,Original Screenplay
697,"Sep 3, 2010",San qiang pai an jing qi,Remake
698,"Oct 29, 2010",Welcome to the Rileys,Original Screenplay
699,"Jun 30, 2010",Love Ranch,Based on Real Life Events
700,"Mar 26, 2010",The Eclipse,
701,"Apr 2, 2010",Tau ming chong,Remake
702,"Apr 23, 2010",Joheunnom nabbeunnom isanghannom,Original Screenplay
703,"Aug 27, 2010",Centurion,Original Screenplay
704,"Apr 2, 2010",The Greatest,
705,"Apr 9, 2010",After.Life,Original Screenplay
706,"Jan 29, 2010",Saint John of Las Vegas,Original Screenplay
707,"May 28, 2010",George A. Romero's Survival of the Dead,
708,"Feb 19, 2010",The Good Guy,Original Screenplay
709,"Jun 18, 2010",8: The Mormon Proposition,Based on Real Life Events
710,"Apr 2, 2010",Leaves of Grass,Original Screenplay
711,"Mar 26, 2010",Ca$h,Original Screenplay
712,"Feb 19, 2010",Defendor,
713,"Jul 9, 2010",[Rec] 2,
714,"Apr 30, 2010",The Good Heart,Original Screenplay
715,"Apr 2, 2010",Don McKay,
716,"Jun 11, 2010",Jerusalema,Original Screenplay
717,"Aug 6, 2010",The Oxford Murders,Based on Fiction Book/Short Story
718,"May 21, 2010",Perrierâs Bounty,
719,"Dec 31, 2010",The Reef,Based on Real Life Events
720,"Feb 9, 2010",Icarus,Original Screenplay
721,"Oct 1, 2010",Barry Munday,Based on Fiction Book/Short Story
722,"Dec 31, 2010",Psych 9,Original Screenplay
723,"Apr 13, 2010",Three Kingdoms: Resurrection of the D…,Based on Fiction Book/Short Story
724,"Feb 10, 2010",Triangle,
725,"Feb 5, 2010",San suk si gin,
726,"May 11, 2010",Haeundae,
727,"Nov 5, 2010",Due Date,Original Screenplay
728,"Sep 17, 2010",The Town,Based on Fiction Book/Short Story
729,"Apr 30, 2010",A Nightmare on Elm Street,Remake
730,"Jun 4, 2010",Get Him to the Greek,Spin-Off
731,"Sep 10, 2010",Resident Evil: Afterlife,Based on Game
732,"Jul 9, 2010",Predators,Original Screenplay
733,"Mar 26, 2010",Hot Tub Time Machine,Original Screenplay
734,"Feb 26, 2010",Cop Out,Original Screenplay
735,"Jan 29, 2010",Edge of Darkness,Based on TV
736,"Feb 5, 2010",From Paris With Love,Original Screenplay
737,"Sep 3, 2010",Going the Distance,Original Screenplay
738,"Mar 19, 2010",Repo Men,Based on Fiction Book/Short Story
739,"Dec 3, 2010",The Warrior's Way,Original Screenplay
740,"May 28, 2010",Micmacs,Original Screenplay
741,"May 13, 2011",Bridesmaids,Original Screenplay
742,"Jul 8, 2011",Horrible Bosses,Original Screenplay
743,"Oct 21, 2011",Paranormal Activity 3,Original Screenplay
744,"Jun 24, 2011",Bad Teacher,Original Screenplay
745,"Nov 16, 2011",The Descendants,Based on Fiction Book/Short Story
746,"Jan 21, 2011",No Strings Attached,Original Screenplay
747,"Mar 18, 2011",The Lincoln Lawyer,Based on Fiction Book/Short Story
748,"Jul 22, 2011",Friends with Benefits,Original Screenplay
749,"Aug 12, 2011",Final Destination 5,Original Screenplay
750,"Oct 7, 2011",The Ides of March,Based on Play
751,"Apr 15, 2011",Scream 4,Original Screenplay
752,"Mar 18, 2011",Paul,Original Screenplay
753,"Nov 9, 2011",J. Edgar,Based on Real Life Events
754,"Aug 5, 2011",The Change-Up,Original Screenplay
755,"Aug 12, 2011",30 Minutes or Less,Original Screenplay
756,"Nov 4, 2011",A Very Harold & Kumar 3D Christmas,Original Screenplay
757,"Sep 16, 2011",Drive,Based on Fiction Book/Short Story
758,"Sep 30, 2011",50/50,Based on Real Life Events
759,"Aug 31, 2011",The Debt,Remake
760,"Dec 9, 2011",The Sitter,Original Screenplay
761,"Jan 28, 2011",The Mechanic,Remake
762,"Aug 26, 2011",Our Idiot Brother,Original Screenplay
763,"Dec 9, 2011",Tinker Tailor Soldier Spy,Based on Fiction Book/Short Story
764,"Aug 26, 2011",Don't Be Afraid of the Dark,Remake
765,"Feb 4, 2011",Sanctum,Based on Real Life Events
766,"Apr 8, 2011",Your Highness,Original Screenplay
767,"Aug 19, 2011",Fright Night,Remake
768,"Oct 14, 2011",The Thing,Based on Fiction Book/Short Story
769,"Dec 9, 2011",Young Adult,Original Screenplay
770,"Nov 23, 2011",My Week with Marilyn,Based on Real Life Events
771,"Sep 30, 2011",What's Your Number?,Original Screenplay
772,"Oct 28, 2011",The Rum Diary,Based on Fiction Book/Short Story
773,"Feb 25, 2011",Drive Angry,Original Screenplay
774,"Sep 16, 2011",Straw Dogs,Remake
775,"Mar 18, 2011",Win Win,Original Screenplay
776,"Jan 14, 2011",Barney's Version,Based on Fiction Book/Short Story
777,"Mar 4, 2011",Take Me Home Tonight,Original Screenplay
778,"Feb 11, 2011",Cedar Rapids,Original Screenplay
779,"Jun 3, 2011",Beginners,Original Screenplay
780,"Nov 23, 2011",A Dangerous Method,Based on Play
781,"Jul 29, 2011",The Guard,Original Screenplay
782,"Oct 21, 2011",Margin Call,Original Screenplay
783,"Jan 28, 2011",Biutiful,Original Screenplay
784,"Jan 21, 2011",The Company Men,Original Screenplay
785,"Feb 25, 2011",Des Hommes et Des Dieux,Based on Real Life Events
786,"Oct 14, 2011",La piel que habito,Based on Fiction Book/Short Story
787,"Nov 11, 2011",Melancholia,Original Screenplay
788,"Dec 21, 2011",Albert Nobbs,Based on Fiction Book/Short Story
789,"Dec 16, 2011",Carnage,Based on Play
790,"Sep 9, 2011",Bucky Larson: Born to Be a Star,Original Screenplay
791,"Sep 30, 2011",Take Shelter,Original Screenplay
792,"Jul 29, 2011",The Devil's Double,Based on Real Life Events
793,"Mar 11, 2011",Kill the Irishman,Based on Factual Book/Article
794,"Sep 23, 2011",Red State,Original Screenplay
795,"Jul 29, 2011",Attack the Block,Original Screenplay
796,"Apr 1, 2011",Haevnen,Original Screenplay
797,"Apr 29, 2011",JÃ»san-nin no shikaku,Remake
798,"Apr 22, 2011",Dum Maaro Dum,Original Screenplay
799,"Mar 18, 2011",Winter in Wartime,Based on Fiction Book/Short Story
800,"Sep 23, 2011",Machine Gun Preacher,Based on Real Life Events
801,"Jun 24, 2011",Le nom des gens,Original Screenplay
802,"Sep 9, 2011",Creature,Original Screenplay
803,"May 13, 2011",Hesher,Original Screenplay
804,"Dec 23, 2011",In The Land of Blood and Honey,Original Screenplay
805,"Aug 26, 2011",Brighton Rock,Based on Fiction Book/Short Story
806,"Sep 30, 2011",Tucker & Dale vs. Evil,Original Screenplay
807,"Oct 7, 2011",Blackthorn,Original Screenplay
808,"Oct 7, 2011",Xinhai geming,Based on Real Life Events
809,"Apr 1, 2011",Trust,Original Screenplay
810,"Sep 30, 2011",Margaret,Original Screenplay
811,"Jan 14, 2011",Down for Life,Based on Factual Book/Article
812,"Oct 14, 2011",Fireflies in the Garden,Original Screenplay
813,"Apr 22, 2011",Stake Land,Original Screenplay
814,"Nov 4, 2011",The Son of No One,Original Screenplay
815,"Jul 15, 2011",Salvation Boulevard,Original Screenplay
816,"Aug 19, 2011",5 Days of War,Based on Real Life Events
817,"Oct 14, 2011",Trespass,Original Screenplay
818,"Nov 18, 2011",Another Happy Day,Original Screenplay
819,"Sep 9, 2011",Tanner Hall,Original Screenplay
820,"Dec 31, 2011",La Cara Oculta,Original Screenplay
821,"May 10, 2011",The Hit List,Original Screenplay
822,"Sep 13, 2011",Never Back Down 2: The Beatdown,Original Screenplay
823,"Nov 11, 2011",A Lonely Place to Die,Original Screenplay
824,"Feb 26, 2011",Ultramarines,Based on Game
825,"Dec 31, 2011",Without Men,Based on Fiction Book/Short Story
826,"Jul 8, 2011",Ironclad,Original Screenplay
827,"Dec 31, 2011",Tracker,Original Screenplay
828,"Dec 31, 2011",Freaky Deaky,Based on Fiction Book/Short Story
829,"Oct 21, 2011",Cargo,Original Screenplay
830,"Jun 29, 2012",Ted,Original Screenplay
831,"Mar 16, 2012",21 Jump Street,Based on TV
832,"Oct 12, 2012",Argo,Based on Factual Book/Article
833,"Nov 16, 2012",Silver Linings Playbook,Based on Fiction Book/Short Story
834,"Jun 29, 2012",Magic Mike,Original Screenplay
835,"Dec 19, 2012",Zero Dark Thirty,Based on Real Life Events
836,"Nov 2, 2012",Flight,Original Screenplay
837,"Feb 24, 2012",Act of Valor,Original Screenplay
838,"Dec 21, 2012",This is 40,Spin-Off
839,"Jan 13, 2012",Contraband,Remake
840,"Sep 28, 2012",Looper,Original Screenplay
841,"May 16, 2012",The Dictator,Original Screenplay
842,"Apr 6, 2012",American Reunion,Original Screenplay
843,"Mar 2, 2012",Project X,Original Screenplay
844,"Oct 19, 2012",Paranormal Activity 4,Original Screenplay
845,"Jan 27, 2012",The Grey,Original Screenplay
846,"Oct 12, 2012",Sinister,Original Screenplay
847,"Jul 6, 2012",Savages,Based on Fiction Book/Short Story
848,"Sep 14, 2012",Resident Evil: Retribution,Based on Game
849,"Apr 13, 2012",The Cabin in the Woods,Original Screenplay
850,"Sep 21, 2012",End of Watch,Original Screenplay
851,"Aug 29, 2012",Lawless,Based on Fiction Book/Short Story
852,"Jun 15, 2012",Thatâs My Boy,Original Screenplay
853,"Jul 27, 2012",The Watch,Original Screenplay
854,"Apr 27, 2012",The Five-Year Engagement,Original Screenplay
855,"Jan 20, 2012",Haywire,Original Screenplay
856,"Sep 21, 2012",The Perks of Being a Wallflower,Based on Fiction Book/Short Story
857,"Oct 26, 2012",Silent Hill: Revelation 3D,Based on Game
858,"Feb 24, 2012",Wanderlust,Original Screenplay
859,"Apr 27, 2012",Safe,Original Screenplay
860,"Jun 22, 2012",To Rome with Love,Original Screenplay
861,"Sep 14, 2012",The Master,Original Screenplay
862,"Apr 27, 2012",The Raven,Original Screenplay
863,"Nov 2, 2012",The Man with the Iron Fists,Original Screenplay
864,"Oct 12, 2012",Seven Psychopaths,Original Screenplay
865,"Nov 30, 2012",Killing Them Softly,Based on Fiction Book/Short Story
866,"Aug 22, 2012",Hit & Run,Original Screenplay
867,"Sep 21, 2012",Dredd,Based on Comic/Graphic Novel
868,"May 25, 2012",Les Intouchables,Original Screenplay
869,"Nov 16, 2012",Anna Karenina,Based on Fiction Book/Short Story
870,"Mar 9, 2012",Silent House,Remake
871,"Sep 14, 2012",Arbitrage,Original Screenplay
872,"Jun 22, 2012",Seeking a Friend for the End of the W…,Original Screenplay
873,"Nov 30, 2012",The Collection,Original Screenplay
874,"Mar 16, 2012",Casa de mi Padre,Original Screenplay
875,"Jun 1, 2012",For Greater Glory: The True Story of …,Based on Real Life Events
876,"Mar 16, 2012","Jeff, Who Lives at Home",Original Screenplay
877,"Nov 23, 2012",De rouille et dâos,Based on Fiction Book/Short Story
878,"Jan 13, 2012",We Need to Talk About Kevin,Based on Fiction Book/Short Story
879,"Jul 27, 2012",Killer Joe,Based on Play
880,"Apr 27, 2012",Hodejegerne,Based on Fiction Book/Short Story
881,"Jan 20, 2012",Coriolanus,Based on Play
882,"Oct 5, 2012",The Paperboy,Based on Fiction Book/Short Story
883,"Sep 7, 2012",Bachelorette,Based on Play
884,"Sep 14, 2012",Stolen,Original Screenplay
885,"Mar 2, 2012",Tim and Eric's Billion Dollar Movie,Based on TV
886,"Jul 11, 2012",Snabba Cash,Remake
887,"Jun 1, 2012",High School,Original Screenplay
888,"Aug 17, 2012",The Awakening,Original Screenplay
889,"Dec 7, 2012",Deadfall,Original Screenplay
890,"Jul 13, 2012",Red Lights,Original Screenplay
891,"Sep 7, 2012",The Inbetweeners,Based on TV
892,"Jan 13, 2012",The Divide,Original Screenplay
893,"Sep 28, 2012",Solomon Kane,Based on Fiction Book/Short Story
894,"Dec 31, 2012",Infected,Original Screenplay
895,"Apr 13, 2012",Detention,Original Screenplay
896,"Dec 31, 2012",The Helpers,Original Screenplay
897,"Jun 1, 2012",The Loved Ones,Original Screenplay
898,"Dec 31, 2012",Highway,Original Screenplay
899,"Jun 28, 2013",The Heat,Original Screenplay
900,"Aug 7, 2013",Weâre the Millers,Original Screenplay
901,"Dec 13, 2013",American Hustle,Based on Real Life Events
902,"Jul 19, 2013",The Conjuring,Original Screenplay
903,"Feb 8, 2013",Identity Thief,Original Screenplay
904,"Dec 18, 2013",Anchorman 2: The Legend Continues,Original Screenplay
905,"Dec 25, 2013",Lone Survivor,Based on Factual Book/Article
906,"Oct 25, 2013",Jackass Presents: Bad Grandpa,Based on Real Life Events
907,"Jun 12, 2013",This is the End,Based on Short Film
908,"Aug 2, 2013",2 Guns,Based on Comic/Graphic Novel
909,"Nov 15, 2013",The Best Man Holiday,Original Screenplay
910,"Jun 7, 2013",The Purge,Original Screenplay
911,"Sep 20, 2013",Prisoners,Original Screenplay
912,"Oct 18, 2013",12 Years a Slave,Based on Factual Book/Article
913,"Jan 25, 2013",Hansel & Gretel: Witch Hunters,Based on Folk Tale/Legend/Fairytale
914,"Apr 5, 2013",Evil Dead,Remake
915,"Mar 15, 2013",The Call,Original Screenplay
916,"Apr 26, 2013",Pain & Gain,Based on Real Life Events
917,"Jan 11, 2013",Gangster Squad,Based on Factual Book/Article
918,"Sep 6, 2013",Riddick,Original Screenplay
919,"Jan 11, 2013",A Haunted House,Original Screenplay
920,"Dec 25, 2013",August: Osage County,Based on Play
921,"Sep 13, 2013",The Family,Based on Fiction Book/Short Story
922,"Oct 18, 2013",Carrie,Remake
923,"Jan 4, 2013",Texas Chainsaw 3D,Original Screenplay
924,"Jul 3, 2013",Kevin Hart: Let Me Explain,Based on Real Life Events
925,"Feb 8, 2013",Side Effects,Original Screenplay
926,"Aug 16, 2013",Kick-Ass 2,Based on Comic/Graphic Novel
927,"Nov 1, 2013",Dallas Buyers Club,Based on Real Life Events
928,"Sep 20, 2013",Rush,Based on Real Life Events
929,"Aug 23, 2013",The World's End,Original Screenplay
930,"Mar 1, 2013",21 and Over,Original Screenplay
931,"Sep 27, 2013",Don Jon,Original Screenplay
932,"Apr 26, 2013",The Big Wedding,Remake
933,"Mar 29, 2013",The Place Beyond the Pines,Original Screenplay
934,"Nov 27, 2013",Homefront,Based on Fiction Book/Short Story
935,"Jan 18, 2013",Broken City,Original Screenplay
936,"Oct 4, 2013",Runner Runner,Original Screenplay
937,"Nov 15, 2013",Nebraska,Original Screenplay
938,"Jan 25, 2013",Parker,Based on Fiction Book/Short Story
939,"Oct 25, 2013",The Counselor,Original Screenplay
940,"Nov 1, 2013",About Time,Original Screenplay
941,"Mar 15, 2013",Spring Breakers,Original Screenplay
942,"Dec 6, 2013",Inside Llewyn Davis,Based on Factual Book/Article
943,"Jan 18, 2013",The Last Stand,Original Screenplay
944,"Dec 4, 2013",Out of the Furnace,Original Screenplay
945,"Mar 8, 2013",Dead Man Down,Original Screenplay
946,"Feb 1, 2013",Bullet to the Head,Based on Comic/Graphic Novel
947,"Jan 25, 2013",Movie 43,Compilation
948,"May 24, 2013",Before Midnight,Original Screenplay
949,"Oct 11, 2013",Machete Kills,Original Screenplay
950,"Jan 4, 2013",Promised Land,Original Screenplay
951,"Aug 2, 2013",The Spectacular Now,Based on Fiction Book/Short Story
952,"Apr 5, 2013",The Company You Keep,Original Screenplay
953,"May 17, 2013",Frances Ha,Original Screenplay
954,"Sep 27, 2013",Metallica Through the Never,Based on Musical Group
955,"Oct 18, 2013",The Fifth Estate,Based on Real Life Events
956,"Apr 5, 2013",Trance,Original Screenplay
957,"May 3, 2013",The Iceman,Based on Real Life Events
958,"Mar 1, 2013",Stoker,Original Screenplay
959,"Mar 1, 2013",Phantom,Original Screenplay
960,"Jul 19, 2013",Only God Forgives,Original Screenplay
961,"Mar 22, 2013",On the Road,Based on Fiction Book/Short Story
962,"May 17, 2013",Jagten,Original Screenplay
963,"Apr 26, 2013",The Reluctant Fundamentalist,Original Screenplay
964,"Aug 16, 2013",Ain't Them Bodies Saints,Original Screenplay
965,"May 3, 2013","Cinco de Mayo, La Batalla",Based on Real Life Events
966,"Sep 6, 2013",Winnie Mandela,Based on Factual Book/Article
967,"Jun 28, 2013",Redemption,Original Screenplay
968,"Mar 1, 2013",The Sweeney,Based on TV
969,"Dec 6, 2013",The Last Days on Mars,Original Screenplay
970,"Feb 22, 2013",Inescapable,Original Screenplay
971,"Nov 1, 2013",Mr. Nobody,Original Screenplay
972,"Sep 13, 2013",Plush,Original Screenplay
973,"Aug 23, 2013",The Frozen Ground,Original Screenplay
974,"Jun 21, 2013",Alien Uprising,Original Screenplay
975,"Jan 15, 2013",30 Nights Of Paranormal Activity With…,
976,"Feb 8, 2013",Small Apartments,Based on Fiction Book/Short Story
977,"Dec 31, 2013",Zulu,Based on Fiction Book/Short Story
978,"Mar 19, 2013",Straight A's,Original Screenplay
979,"Feb 1, 2013",A Haunting in Connecticut 2: The Ghos…,Original Screenplay
980,"Apr 1, 2013",Stitches,Original Screenplay
981,"Jul 23, 2013",Twixt,Based on Real Life Events
982,"Dec 31, 2013",Re-Kill,Original Screenplay
983,"Dec 25, 2014",American Sniper,Based on Factual Book/Article
984,"Jun 13, 2014",22 Jump Street,Based on TV
985,"Oct 3, 2014",Gone Girl,Based on Fiction Book/Short Story
986,"May 9, 2014",Neighbors,Original Screenplay
987,"Jul 25, 2014",Lucy,Original Screenplay
988,"Sep 26, 2014",The Equalizer,Based on TV
989,"Jul 2, 2014",Tammy,Original Screenplay
990,"Oct 3, 2014",Annabelle,Spin-Off
991,"Aug 13, 2014",Letâs Be Cops,Original Screenplay
992,"Jul 18, 2014",The Purge: Anarchy,Original Screenplay
993,"Mar 7, 2014",The Grand Budapest Hotel,Original Screenplay
994,"Nov 26, 2014",Horrible Bosses 2,Original Screenplay
995,"Feb 14, 2014",About Last Night,Based on Play
996,"Oct 10, 2014",The Judge,Original Screenplay
997,"Jun 20, 2014",Jersey Boys,Based on Musical or Opera
998,"Oct 24, 2014",John Wick,Original Screenplay
999,"May 30, 2014",A Million Ways to Die in The West,Original Screenplay
1000,"Oct 17, 2014",Birdman or (The Unexpected Virtue of …,Original Screenplay
1001,"Jul 18, 2014",Sex Tape,Original Screenplay
1002,"Dec 3, 2014",Wild,Based on Factual Book/Article
1003,"Sep 19, 2014",This is Where I Leave You,Based on Fiction Book/Short Story
1004,"Dec 10, 2014",The Gambler,Remake
1005,"Jan 3, 2014",Paranormal Activity: The Marked Ones,Spin-Off
1006,"Oct 31, 2014",Nightcrawler,Original Screenplay
1007,"Jul 2, 2014",Deliver Us from Evil,Based on Factual Book/Article
1008,"Apr 11, 2014",Oculus,Original Screenplay
1009,"Jan 31, 2014",That Awkward Moment,Original Screenplay
1010,"Sep 19, 2014",A Walk Among the Tombstones,Based on Fiction Book/Short Story
1011,"Jan 10, 2014",Her,Original Screenplay
1012,"Jul 11, 2014",Boyhood,Original Screenplay
1013,"Dec 12, 2014",Top Five,Original Screenplay
1014,"Aug 27, 2014",The November Man,Based on Fiction Book/Short Story
1015,"Aug 29, 2014","As Above, So Below",Original Screenplay
1016,"Oct 10, 2014",Addicted,Based on Fiction Book/Short Story
1017,"Apr 18, 2014",A Haunted House 2,Original Screenplay
1018,"Jul 25, 2014",A Most Wanted Man,Based on Fiction Book/Short Story
1019,"Jun 27, 2014",Begin Again,Original Screenplay
1020,"Jan 17, 2014",Devil's Due,Original Screenplay
1021,"Aug 22, 2014",Sin City: A Dame to Kill For,Based on Comic/Graphic Novel
1022,"Oct 10, 2014",Whiplash,Original Screenplay
1023,"Nov 14, 2014",Foxcatcher,Based on Real Life Events
1024,"Sep 12, 2014",The Drop,Based on Fiction Book/Short Story
1025,"Mar 28, 2014",Sabotage,Original Screenplay
1026,"Dec 12, 2014",Inherent Vice,Based on Fiction Book/Short Story
1027,"Mar 14, 2014",Bad Words,Original Screenplay
1028,"Feb 6, 2014",The Interview,Original Screenplay
1029,"Dec 31, 2014",A Most Violent Year,Original Screenplay
1030,"Jun 27, 2014",Snowpiercer,Based on Comic/Graphic Novel
1031,"Apr 11, 2014",The Railway Man,Based on Factual Book/Article
1032,"Dec 19, 2014",Mr. Turner,Based on Real Life Events
1033,"Jul 18, 2014",Wish I Was Here,Original Screenplay
1034,"Oct 31, 2014",Before I Go to Sleep,Based on Fiction Book/Short Story
1035,"Nov 14, 2014",Rosewater,Based on Factual Book/Article
1036,"Apr 4, 2014",Under the Skin,Based on Fiction Book/Short Story
1037,"Oct 10, 2014",Kill the Messenger,Based on Real Life Events
1038,"Nov 14, 2014",The Homesman,Based on Fiction Book/Short Story
1039,"May 16, 2014",The Immigrant,Original Screenplay
1040,"Sep 19, 2014",Tusk,Original Screenplay
1041,"Apr 25, 2014",Locke,Original Screenplay
1042,"Jun 13, 2014",The Rover,Original Screenplay
1043,"Oct 1, 2014","Men, Women and Children",Original Screenplay
1044,"Apr 2, 2014",Dom Hemingway,Original Screenplay
1045,"Apr 11, 2014",Joe,Based on Fiction Book/Short Story
1046,"Sep 26, 2014",Jimi: All is By My Side,Based on Real Life Events
1047,"Aug 15, 2014",Fort McCoy,Based on Real Life Events
1048,"Oct 17, 2014",Rudderless,Original Screenplay
1049,"Mar 21, 2014",Blood Ties,Original Screenplay
1050,"Sep 4, 2014",Falcon Rising,Original Screenplay
1051,"Apr 18, 2014",13 Sins,Original Screenplay
1052,"Oct 24, 2014",Revenge of the Green Dragons,Original Screenplay
1053,"Aug 12, 2014",Swelter,Original Screenplay
1054,"Sep 26, 2014",Plastic,Original Screenplay
1055,"Dec 5, 2014",Dying of the Light,Original Screenplay
1056,"Nov 14, 2014",Wolves,Based on Folk Tale/Legend/Fairytale
1057,"Dec 31, 2014",AWOL-72,Original Screenplay
1058,"Jun 27, 2014",They Came Together,Original Screenplay
1059,"Aug 22, 2014",The Prince,Original Screenplay
1060,"Feb 7, 2014",Nurse 3D,Original Screenplay
1061,"Nov 21, 2014",Reach Me,Original Screenplay
1062,"Oct 10, 2014",AutÃ³mata,Original Screenplay
1063,"Jun 6, 2014",Anna,Original Screenplay
1064,"Jun 17, 2014",Beneath Hill 60,Based on Real Life Events
1065,"Mar 11, 2014",In the Name of the King III,Based on Game
1066,"Feb 13, 2015",Fifty Shades of Grey,Based on Fiction Book/Short Story
1067,"Aug 14, 2015",Straight Outta Compton,Based on Real Life Events
1068,"Jun 5, 2015",Spy!,Original Screenplay
1069,"Jul 17, 2015",Trainwreck,Original Screenplay
1070,"Mar 27, 2015",Get Hard,Original Screenplay
1071,"Dec 18, 2015",Sisters,Original Screenplay
1072,"Dec 11, 2015",The Big Short,Based on Factual Book/Article
1073,"Jul 1, 2015",Magic Mike XXL,Original Screenplay
1074,"Jan 16, 2015",The Wedding Ringer,Original Screenplay
1075,"Sep 18, 2015",Black Mass,Based on Factual Book/Article
1076,"Jul 29, 2015",Vacation,Original Screenplay
1077,"Dec 25, 2015",The Hateful Eight,Original Screenplay
1078,"Jul 24, 2015",Southpaw,Original Screenplay
1079,"Sep 18, 2015",Sicario,Original Screenplay
1080,"Nov 6, 2015",Spotlight,Based on Real Life Events
1081,"Aug 7, 2015",The Gift,Original Screenplay
1082,"Nov 20, 2015",The Night Before,Original Screenplay
1083,"Jan 23, 2015",The Boy Next Door,Original Screenplay
1084,"Jun 3, 2015",Entourage,Based on TV
1085,"Mar 6, 2015",Chappie,Original Screenplay
1086,"Oct 16, 2015",Crimson Peak,Original Screenplay
1087,"Sep 2, 2015",A Walk in the Woods,Based on Factual Book/Article
1088,"Aug 21, 2015",Sinister 2,Original Screenplay
1089,"Aug 26, 2015",No Escape,Original Screenplay
1090,"Mar 13, 2015",Run All Night,Original Screenplay
1091,"Apr 10, 2015",Ex Machina,Original Screenplay
1092,"Aug 21, 2015",Hitman: Agent 47,Based on Game
1093,"Oct 23, 2015",Paranormal Activity: The Ghost Dimension,Original Screenplay
1094,"Oct 9, 2015",Steve Jobs,Based on Factual Book/Article
1095,"Jun 19, 2015",Dope,Original Screenplay
1096,"Oct 16, 2015",Room,Based on Fiction Book/Short Story
1097,"Mar 13, 2015",It Follows,Original Screenplay
1098,"Aug 21, 2015",American Ultra,Original Screenplay
1099,"Oct 30, 2015",Burnt,Original Screenplay
1100,"Nov 20, 2015",Carol,Based on Fiction Book/Short Story
1101,"Feb 20, 2015",Hot Tub Time Machine 2,Original Screenplay
1102,"Mar 20, 2015",The Gunman,Based on Fiction Book/Short Story
1103,"Mar 6, 2015",Unfinished Business,Original Screenplay
1104,"Nov 6, 2015",Trumbo,Based on Real Life Events
1105,"Jan 23, 2015",Mortdecai,Based on Fiction Book/Short Story
1106,"Mar 27, 2015",While We're Young,Original Screenplay
1107,"Oct 30, 2015",Our Brand is Crisis,Based on Movie
1108,"Mar 20, 2015",Danny Collins,Original Screenplay
1109,"Apr 24, 2015",The Water Diviner,Original Screenplay
1110,"Dec 30, 2015",Anomalisa,Original Screenplay
1111,"Oct 30, 2015",Scouts Guide to the Zombie Apocalypse,Original Screenplay
1112,"Aug 28, 2015",We Are Your Friends,Original Screenplay
1113,"Jan 23, 2015",Mommy,Original Screenplay
1114,"Oct 23, 2015",Rock the Kasbah,Original Screenplay
1115,"Dec 4, 2015",Youth,Original Screenplay
1116,"Oct 16, 2015",Truth,Based on Factual Book/Article
1117,"Nov 20, 2015",Legend,Based on Real Life Events
1118,"Aug 7, 2015",The Diary of a Teenage Girl,Based on Comic/Graphic Novel
1119,"Apr 17, 2015",Child 44,Based on Fiction Book/Short Story
1120,"May 8, 2015",The D Train,Original Screenplay
1121,"Nov 13, 2015",By the Sea,Original Screenplay
1122,"May 15, 2015",Slow West,Original Screenplay
1123,"Jun 26, 2015",Escobar: Paradise Lost,Original Screenplay
1124,"Aug 7, 2015",Cop Car,Original Screenplay
1125,"Sep 4, 2015",Tian jiang xiong shi,Original Screenplay
1126,"Oct 30, 2015",Freaks of Nature,Original Screenplay
1127,"Oct 30, 2015",Regression,Original Screenplay
1128,"May 22, 2015",Aloft,Original Screenplay
1129,"Nov 13, 2015",Heist,Original Screenplay
1130,"Oct 2, 2015",Shanghai,Original Screenplay
1131,"Apr 7, 2015",Lost River,Original Screenplay
1132,"Feb 27, 2015",The Salvation,Original Screenplay
1133,"Oct 9, 2015",Knock Knock,Original Screenplay
1134,"Oct 9, 2015",Trash,Original Screenplay
1135,"Jul 10, 2015",Strangerland,Original Screenplay
1136,"Nov 11, 2015",10 Days in a Madhouse,Original Screenplay
1137,"May 15, 2015",Area 51,Original Screenplay
1138,"Jan 30, 2015",Wild Card,Based on Fiction Book/Short Story
1139,"May 8, 2015",Skin Trade,Original Screenplay
1140,"Oct 16, 2015",Unnatural,Original Screenplay
1141,"Sep 1, 2015",Broken Horses,Original Screenplay
1142,"Jul 21, 2015",American Heist,Original Screenplay
1143,"Jun 5, 2015",Freedom,Original Screenplay
1144,"Mar 17, 2015",Something Wicked,Original Screenplay
1145,"Oct 16, 2015",Wind Walkers,Original Screenplay
1146,"Aug 28, 2015",Zipper,Original Screenplay
1147,"Jan 20, 2015",Veronika Decides to Die,Remake
1148,"Sep 1, 2015",Lords of London,Original Screenplay
1149,"Sep 8, 2015",Chain of Command,Original Screenplay
1150,"May 19, 2015",Into the Grizzly Maze,Original Screenplay
1151,"Mar 20, 2015",The Walking Deceased,Original Screenplay
1152,"Jan 27, 2015",Born of War,Original Screenplay
1153,"May 15, 2015",Pound of Flesh,Original Screenplay
1154,"Feb 24, 2015",Green Street Hooligans: Underground,Original Screenplay
1155,"Feb 12, 2016",Deadpool,Based on Comic/Graphic Novel
1156,"Jul 29, 2016",Bad Moms,Original Screenplay
1157,"Jun 10, 2016",The Conjuring 2: The Enfield Poltergeist,Original Screenplay
1158,"Aug 12, 2016",Sausage Party,Original Screenplay
1159,"Aug 26, 2016",Donât Breathe,Original Screenplay
1160,"Oct 14, 2016",The Accountant,Original Screenplay
1161,"Jul 1, 2016",The Purge: Election Year,Original Screenplay
1162,"Oct 7, 2016",The Girl on the Train,Based on Fiction Book/Short Story
1163,"Nov 4, 2016",Hacksaw Ridge,Based on Real Life Events
1164,"Apr 8, 2016",The Boss,Original Screenplay
1165,"Mar 4, 2016",London Has Fallen,Original Screenplay
1166,"Dec 23, 2016",Why Him?,Original Screenplay
1167,"May 20, 2016",Neighbors 2: Sorority Rising,Original Screenplay
1168,"Dec 9, 2016",Office Christmas Party,Based on Fiction Book/Short Story
1169,"Jan 15, 2016",13 Hours: The Secret Soldiers of Beng…,Based on Factual Book/Article
1170,"Nov 18, 2016",Manchester by the Sea,Original Screenplay
1171,"Feb 12, 2016",How to be Single,Based on Fiction Book/Short Story
1172,"Jul 8, 2016",Mike and Dave Need Wedding Dates,Original Screenplay
1173,"Aug 19, 2016",War Dogs,Based on Factual Book/Article
1174,"May 13, 2016",Money Monster,Original Screenplay
1175,"May 20, 2016",The Nice Guys,Original Screenplay
1176,"Jan 22, 2016",Dirty Grandpa,Original Screenplay
1177,"Dec 21, 2016",Patriots Day,Based on Real Life Events
1178,"Aug 12, 2016",Hell or High Water,Original Screenplay
1179,"Feb 19, 2016",The Witch,Original Screenplay
1180,"Sep 16, 2016",Bridget Jonesâs Baby,Based on Fiction Book/Short Story
1181,"Oct 14, 2016",Kevin Hart: What Now?,Based on Real Life Events
1182,"Mar 4, 2016",Whiskey Tango Foxtrot,Based on Factual Book/Article
1183,"Sep 16, 2016",Snowden,Based on Factual Book/Article
1184,"Aug 26, 2016",Mechanic: Resurrection,Original Screenplay
1185,"Jun 24, 2016",Free State of Jones,Based on Real Life Events
1186,"Sep 16, 2016",Blair Witch,Original Screenplay
1187,"Apr 29, 2016",Keanu,Original Screenplay
1188,"Mar 11, 2016",Eye in the Sky,Original Screenplay
1189,"Nov 23, 2016",Bad Santa 2,Original Screenplay
1190,"Oct 7, 2016",The Birth of a Nation,Based on Real Life Events
1191,"Jul 13, 2016",The Infiltrator,Based on Factual Book/Article
1192,"Apr 15, 2016",Criminal,Original Screenplay
1193,"Nov 18, 2016",The Edge of Seventeen,Original Screenplay
1194,"Dec 2, 2016",Jackie,Based on Real Life Events
1195,"Feb 26, 2016",Triple 9,Original Screenplay
1196,"Jan 29, 2016",Fifty Shades of Black,Based on Movie
1197,"Nov 18, 2016",Nocturnal Animals,Based on Fiction Book/Short Story
1198,"Dec 25, 2016",Live by Night,Based on Fiction Book/Short Story
1199,"Mar 11, 2016",The Perfect Match,Original Screenplay
1200,"Jun 3, 2016",Popstar: Never Stop Never Stopping,Based on Web Series
1201,"Apr 8, 2016",Hardcore Henry,Original Screenplay
1202,"Mar 25, 2016",The Lobster,Original Screenplay
1203,"Dec 23, 2016",Silence,Based on Fiction Book/Short Story
1204,"Nov 11, 2016",Shut In,Original Screenplay
1205,"Mar 11, 2016",The Brothers Grimsby,Original Screenplay
1206,"Jul 8, 2016",Captain Fantastic,Original Screenplay
1207,"Nov 18, 2016",Bleed for This,Based on Real Life Events
1208,"Aug 26, 2016",Hands of Stone,Based on Real Life Events
1209,"Jul 22, 2016",Donât Think Twice,Original Screenplay
1210,"Apr 22, 2016",A Hologram for the King,Based on Fiction Book/Short Story
1211,"Jun 24, 2016",Swiss Army Man,Original Screenplay
1212,"Sep 2, 2016",Morgan,Original Screenplay
1213,"Nov 25, 2016",Miss Sloane,Original Screenplay
1214,"Mar 30, 2016",Everybody Wants Some,Original Screenplay
1215,"Feb 19, 2016",Mei Ren Yu,Original Screenplay
1216,"Apr 15, 2016",Green Room,Original Screenplay
1217,"Apr 22, 2016",Compadres,Original Screenplay
1218,"Mar 4, 2016",The Other Side of the Door,Original Screenplay
1219,"Sep 9, 2016",The Disappointments Room,Based on Real Life Events
1220,"Nov 11, 2016",Elle,Based on Fiction Book/Short Story
1221,"Dec 28, 2016",Paterson,Original Screenplay
1222,"Sep 23, 2016",The Dressmaker,Based on Fiction Book/Short Story
1223,"Nov 11, 2016",Billy Lynnâs Long Halftime Walk,Based on Fiction Book/Short Story
1224,"Jan 29, 2016",Jane Got a Gun,Original Screenplay
1225,"Jun 24, 2016",The Neon Demon,Original Screenplay
1226,"Sep 30, 2016",American Honey,Original Screenplay
1227,"Mar 18, 2016",The Bronze,Original Screenplay
1228,"May 6, 2016",Dheepan,Original Screenplay
1229,"Mar 18, 2016",El Clan,Based on Real Life Events
1230,"Sep 9, 2016",Kicks,Original Screenplay
1231,"Oct 16, 2016",Mi America,Original Screenplay
1232,"Feb 5, 2016",Misconduct,Original Screenplay
1233,"Feb 2, 2016",The Rise of the Krays,Original Screenplay
1234,"Jan 19, 2016",The Veil,Original Screenplay
1235,"Nov 11, 2016",USS Indianapolis: Men of Courage,Based on Real Life Events
1236,"May 6, 2016",Code of Honor,Original Screenplay
1237,"Mar 15, 2016",The Hatching,Original Screenplay
1238,"Jan 19, 2016",Eden,Original Screenplay
1239,"Nov 1, 2016",Reign of Assassins,Original Screenplay
1240,"Feb 19, 2016",Forsaken,Original Screenplay
1241,"Apr 15, 2016",I Am Wrath,Original Screenplay
1242,"Sep 8, 2017",It,Remake
1243,"Feb 24, 2017",Get Out,Original Screenplay
1244,"Jul 21, 2017",Girls Trip,Original Screenplay
1245,"Feb 10, 2017",Fifty Shades Darker,Based on Fiction Book/Short Story
1246,"Jun 28, 2017",Baby Driver,Original Screenplay
1247,"Aug 11, 2017",Annabelle: Creation,Original Screenplay
1248,"Feb 10, 2017",John Wick: Chapter Two,Original Screenplay
1249,"Aug 18, 2017",The Hitmanâs Bodyguard,Original Screenplay
1250,"Nov 1, 2017",A Bad Moms Christmas,Original Screenplay
1251,"Dec 1, 2017",The Shape of Water,Original Screenplay
1252,"May 25, 2017",Baywatch,Based on TV
1253,"Nov 10, 2017","Three Billboards Outside Ebbing, Miss…",Original Screenplay
1254,"Jul 28, 2017",Atomic Blonde,Based on Comic/Graphic Novel
1255,"Sep 29, 2017",American Made,Based on Real Life Events
1256,"Nov 3, 2017",Lady Bird,Original Screenplay
1257,"May 12, 2017",Snatched,Original Screenplay
1258,"Jun 16, 2017",All Eyez on Me,Based on Real Life Events
1259,"Jun 23, 2017",The Big Sick,Based on Real Life Events
1260,"Oct 27, 2017",Jigsaw,Original Screenplay
1261,"Sep 15, 2017",American Assassin,Based on Fiction Book/Short Story
1262,"Oct 13, 2017",The Foreigner,Based on Fiction Book/Short Story
1263,"Aug 4, 2017",Wind River,Original Screenplay
1264,"Feb 17, 2017",Fist Fight,Original Screenplay
1265,"Aug 4, 2017",Kidnap,Original Screenplay
1266,"Jan 6, 2017",Underworld: Blood Wars,Original Screenplay
1267,"Mar 24, 2017",Life,Original Screenplay
1268,"Dec 8, 2017","I, Tonya",Based on Real Life Events
1269,"Dec 22, 2017",Hostiles,Based on Fiction Book/Short Story
1270,"Dec 25, 2017",Mollyâs Game,Based on Factual Book/Article
1271,"Jan 27, 2017",Resident Evil: The Final Chapter,Based on Game
1272,"Jun 30, 2017",The House,Original Screenplay
1273,"Dec 25, 2017",All the Money in the World,Based on Factual Book/Article
1274,"Jun 16, 2017",Rough Night,Original Screenplay
1275,"Dec 25, 2017",Phantom Thread,Original Screenplay
1276,"Dec 1, 2017",The Disaster Artist,Based on Factual Book/Article
1277,"Jan 13, 2017",Sleepless,Based on Movie
1278,"Mar 24, 2017",CHiPS,Based on TV
1279,"Nov 24, 2017",Call Me by Your Name,Based on Fiction Book/Short Story
1280,"Sep 15, 2017",mother!,Original Screenplay
1281,"Dec 22, 2017",Father Figures,Original Screenplay
1282,"Jul 28, 2017",Detroit,Based on Real Life Events
1283,"Jun 9, 2017",It Comes at Night,Original Screenplay
1284,"Apr 21, 2017",Unforgettable,Original Screenplay
1285,"Jun 23, 2017",The Beguiled,Remake
1286,"Mar 17, 2017",The Belko Experiment,Original Screenplay
1287,"Oct 27, 2017",Thank You for Your Service,Based on Factual Book/Article
1288,"Oct 20, 2017",The Snowman,Based on Fiction Book/Short Story
1289,"Oct 6, 2017",The Florida Project,Original Screenplay
1290,"Sep 22, 2017",Stronger,Based on Factual Book/Article
1291,"Sep 22, 2017",Friend Request,Original Screenplay
1292,"Nov 3, 2017",LBJ,Based on Real Life Events
1293,"Sep 1, 2017",Tulip Fever,Based on Fiction Book/Short Story
1294,"Mar 17, 2017",T2: Trainspotting,Based on Fiction Book/Short Story
1295,"May 12, 2017",The Wall,Original Screenplay
1296,"Apr 21, 2017",Free Fire,Original Screenplay
1297,"Feb 3, 2017",The Comedian,Original Screenplay
1298,"Mar 10, 2017",Personal Shopper,Original Screenplay
1299,"Feb 24, 2017",Bitter Harvest,Original Screenplay
1300,"May 5, 2017",Berlin Syndrome,Based on Fiction Book/Short Story
1301,"Feb 24, 2017",The Girl with all the Gifts,Original Screenplay
1302,"Jan 31, 2017",Two Lovers and a Bear,Original Screenplay
1303,"Nov 17, 2017",Mudbound,Based on Fiction Book/Short Story
1304,"Oct 10, 2017",Demonic,Original Screenplay
1305,"Feb 17, 2017",In Dubious Battle,Based on Fiction Book/Short Story
1306,"Aug 4, 2017",Message from the King,Original Screenplay
1307,"Oct 5, 2018",A Star is Born,Remake
1308,"Oct 19, 2018",Halloween,Original Screenplay
1309,"Sep 7, 2018",The Nun,Spin-Off
1310,"Dec 14, 2018",The Mule,Based on Factual Book/Article
1311,"Feb 9, 2018",Fifty Shades Freed,Based on Fiction Book/Short Story
1312,"Jul 4, 2018",The First Purge,Original Screenplay
1313,"Feb 23, 2018",Game Night,Original Screenplay
1314,"Apr 6, 2018",Blockers,Original Screenplay
1315,"Jun 15, 2018",Tag,Based on Factual Book/Article
1316,"Sep 14, 2018",A Simple Favor,Based on Fiction Book/Short Story
1317,"Jun 29, 2018",Sicario: Day of the Soldado,Original Screenplay
1318,"Aug 10, 2018",BlacKkKlansman,Based on Factual Book/Article
1319,"Dec 25, 2018",Vice,Based on Real Life Events
1320,"Jan 19, 2018",12 Strong,Based on Factual Book/Article
1321,"Jan 19, 2018",Den of Thieves,Original Screenplay
1322,"Jun 8, 2018",Hereditary,Original Screenplay
1323,"Mar 30, 2018",Acrimony,Original Screenplay
1324,"Nov 16, 2018",Widows,Based on TV
1325,"Aug 17, 2018",Mile 22,Original Screenplay
1326,"Sep 7, 2018",Peppermint,Original Screenplay
1327,"Nov 23, 2018",The Favourite,Based on Real Life Events
1328,"Mar 2, 2018",Death Wish,Remake
1329,"Aug 3, 2018",The Spy Who Dumped Me,Original Screenplay
1330,"Feb 23, 2018",Annihilation,Based on Fiction Book/Short Story
1331,"Nov 2, 2018",Nobodyâs Fool,Original Screenplay
1332,"Apr 20, 2018",Super Troopers 2,Original Screenplay
1333,"Mar 9, 2018",The Strangers: Prey at Night,Based on Real Life Events
1334,"Sep 14, 2018",White Boy Rick,Based on Real Life Events
1335,"Nov 9, 2018",Overlord,Original Screenplay
1336,"Jan 12, 2018",Proud Mary,Original Screenplay
1337,"Aug 24, 2018",The Happytime Murders,Original Screenplay
1338,"Jun 13, 2018",Superfly,Remake
1339,"Oct 12, 2018",Bad Times at the El Royale,Original Screenplay
1340,"Jul 6, 2018",Sorry to Bother You,Original Screenplay
1341,"Dec 7, 2018",Mary Queen of Scots,Based on Real Life Events
1342,"Oct 26, 2018",Hunter Killer,Based on Fiction Book/Short Story
1343,"Dec 14, 2018",If Beale Street Could Talk,Based on Fiction Book/Short Story
1344,"Nov 30, 2018",The Possession of Hannah Grace,Original Screenplay
1345,"Nov 9, 2018",The Girl in the Spiderâs Web,Based on Fiction Book/Short Story
1346,"Jul 13, 2018",Eighth Grade,Original Screenplay
1347,"Jun 1, 2018",Upgrade,Original Screenplay
1348,"Sep 28, 2018",Hell Fest,Original Screenplay
1349,"Apr 20, 2018",Traffik,Original Screenplay
1350,"Oct 19, 2018",Can You Ever Forgive Me?,Based on Real Life Events
1351,"Oct 12, 2018",Beautiful Boy,Based on Factual Book/Article
1352,"Nov 2, 2018",Boy Erased,Based on Fiction Book/Short Story
1353,"Jun 8, 2018",Hotel Artemis,Original Screenplay
1354,"Sep 21, 2018",Fahrenheit 11/9,Based on Real Life Events
1355,"Jun 1, 2018",Action Point,Original Screenplay
1356,"Jun 15, 2018",Gotti,Based on Real Life Events
1357,"Dec 7, 2018",Ben is Back,Original Screenplay
1358,"May 18, 2018",First Reformed,Original Screenplay
1359,"Sep 21, 2018",The Sisters Brothers,Based on Fiction Book/Short Story
1360,"Mar 9, 2018",Thoroughbreds,Original Screenplay
1361,"Oct 26, 2018",Suspiria,Remake
1362,"Sep 21, 2018",Assassination Nation,Original Screenplay
1363,"Dec 14, 2018",CafarnaÃºm,Original Screenplay
1364,"Dec 25, 2018",Destroyer,Original Screenplay
1365,"Apr 6, 2018",Lean on Pete,Original Screenplay
1366,"Oct 10, 2018",The Happy Prince,Based on Real Life Events
1367,"Oct 26, 2018",London Fields,Based on Fiction Book/Short Story
1368,"Apr 13, 2018",Borg vs McEnroe,Based on Real Life Events
1369,"Jun 29, 2018",Woman Walks Ahead,Based on Real Life Events
1370,"Oct 12, 2018",The Kindergarten Teacher,Remake
1371,"Nov 21, 2018",Roma,Based on Real Life Events
1372,"Dec 13, 2018",Bird Box,Based on Fiction Book/Short Story
1373,"Apr 24, 2018",Backstabbing For Beginners,Based on Factual Book/Article
1374,"Oct 26, 2018",Air Strike,Original Screenplay
